code,code,decimal_point,name,pre_close,sec,sse,volunit
000001,000001,2,上证指数,2822.4423828125,index_cn,sh,100
000002,000002,2,Ａ股指数,2958.1525878906,index_cn,sh,100
000003,000003,2,Ｂ股指数,210.9898071289,index_cn,sh,100
000004,000004,2,工业指数,2291.3681640625,index_cn,sh,100
000005,000005,2,商业指数,2728.3303222656,index_cn,sh,100
000006,000006,2,地产指数,6482.7084960938,index_cn,sh,100
000007,000007,2,公用指数,4206.5415039062,index_cn,sh,100
000008,000008,2,综合指数,2653.0930175781,index_cn,sh,100
000009,000009,2,上证380,4681.0087890625,index_cn,sh,100
000010,000010,2,上证180,8242.6240234375,index_cn,sh,100
000011,000011,2,基金指数,6164.0473632812,index_cn,sh,100
000012,000012,2,国债指数,182.7626037598,index_cn,sh,100
000013,000013,2,企债指数,244.2590942383,index_cn,sh,100
000015,000015,2,红利指数,2414.5524902344,index_cn,sh,100
000016,000016,2,上证50,2844.8142089844,index_cn,sh,100
000017,000017,2,新综指,2385.2490234375,index_cn,sh,100
000018,000018,2,180金融,5052.1455078125,index_cn,sh,100
000019,000019,2,治理指数,950.007019043,index_cn,sh,100
000020,000020,2,中型综指,1063.5268554688,index_cn,sh,100
000021,000021,2,180治理,880.6262207031,index_cn,sh,100
000022,000022,2,沪公司债,207.7687988281,index_cn,sh,100
000025,000025,2,180基建,1514.6472167969,index_cn,sh,100
000026,000026,2,180资源,1913.9505615234,index_cn,sh,100
000027,000027,2,180运输,866.7457885742,index_cn,sh,100
000028,000028,2,180成长,3834.5207519531,index_cn,sh,100
000029,000029,2,180价值,3701.0930175781,index_cn,sh,100
000030,000030,2,180R成长,2308.7846679688,index_cn,sh,100
000031,000031,2,180R价值,2672.712890625,index_cn,sh,100
000032,000032,2,上证能源,1008.6871948242,index_cn,sh,100
000033,000033,2,上证材料,1774.5788574219,index_cn,sh,100
000034,000034,2,上证工业,1946.7795410156,index_cn,sh,100
000035,000035,2,上证可选,2117.1665039062,index_cn,sh,100
000036,000036,2,上证消费,11750.3701171875,index_cn,sh,100
000037,000037,2,上证医药,7344.5517578125,index_cn,sh,100
000038,000038,2,上证金融,5009.8295898438,index_cn,sh,100
000039,000039,2,上证信息,4330.0405273438,index_cn,sh,100
000040,000040,2,上证电信,3099.4763183594,index_cn,sh,100
000041,000041,2,上证公用,1713.4836425781,index_cn,sh,100
000042,000042,2,上证央企,1404.7961425781,index_cn,sh,100
000043,000043,2,超大盘,2322.8054199219,index_cn,sh,100
000044,000044,2,上证中盘,3173.5966796875,index_cn,sh,100
000045,000045,2,上证小盘,3738.4291992188,index_cn,sh,100
000046,000046,2,上证中小,3455.1215820312,index_cn,sh,100
000047,000047,2,上证全指,3107.5817871094,index_cn,sh,100
000048,000048,2,责任指数,1341.8580322266,index_cn,sh,100
000049,000049,2,上证民企,1918.9632568359,index_cn,sh,100
000050,000050,2,50等权,2270.5852050781,index_cn,sh,100
000051,000051,2,180等权,7690.95703125,index_cn,sh,100
000052,000052,2,50基本,2769.1455078125,index_cn,sh,100
000053,000053,2,180基本,9862.9375,index_cn,sh,100
000054,000054,2,上证海外,1236.4659423828,index_cn,sh,100
000055,000055,2,上证地企,1166.9241943359,index_cn,sh,100
000056,000056,2,上证国企,996.1655883789,index_cn,sh,100
000057,000057,2,全指成长,4108.51953125,index_cn,sh,100
000058,000058,2,全指价值,3663.0554199219,index_cn,sh,100
000059,000059,2,全R成长,2978.1809082031,index_cn,sh,100
000060,000060,2,全R价值,3207.0915527344,index_cn,sh,100
000061,000061,2,沪企债30,162.2707061768,index_cn,sh,100
000062,000062,2,上证沪企,1882.9465332031,index_cn,sh,100
000063,000063,2,上证周期,3106.5537109375,index_cn,sh,100
000064,000064,2,非周期,3007.5197753906,index_cn,sh,100
000065,000065,2,上证龙头,3086.6381835938,index_cn,sh,100
000066,000066,2,上证商品,1408.7841796875,index_cn,sh,100
000067,000067,2,上证新兴,6979.5825195312,index_cn,sh,100
000068,000068,2,上证资源,1446.0528564453,index_cn,sh,100
000069,000069,2,消费80,5049.4677734375,index_cn,sh,100
000070,000070,2,能源等权,1450.6655273438,index_cn,sh,100
000071,000071,2,材料等权,2422.8952636719,index_cn,sh,100
000072,000072,2,工业等权,2460.5207519531,index_cn,sh,100
000073,000073,2,可选等权,2069.51171875,index_cn,sh,100
000074,000074,2,消费等权,7901.9995117188,index_cn,sh,100
000075,000075,2,医药等权,9113.8212890625,index_cn,sh,100
000076,000076,2,金融等权,4570.3315429688,index_cn,sh,100
000077,000077,2,信息等权,4924.9545898438,index_cn,sh,100
000078,000078,2,电信等权,2604.8254394531,index_cn,sh,100
000079,000079,2,公用等权,1757.1788330078,index_cn,sh,100
000090,000090,2,上证流通,1078.7421875,index_cn,sh,100
000091,000091,2,沪财中小,7909.1845703125,index_cn,sh,100
000092,000092,2,资源50,1986.4703369141,index_cn,sh,100
000093,000093,2,180分层,9219.134765625,index_cn,sh,100
000094,000094,2,上证上游,1587.6235351562,index_cn,sh,100
000095,000095,2,上证中游,2554.2126464844,index_cn,sh,100
000096,000096,2,上证下游,4396.5190429688,index_cn,sh,100
000097,000097,2,高端装备,6424.5815429688,index_cn,sh,100
000098,000098,2,上证F200,3974.0112304688,index_cn,sh,100
000099,000099,2,上证F300,5840.185546875,index_cn,sh,100
000100,000100,2,上证F500,4396.3071289062,index_cn,sh,100
000101,000101,2,5年信用,206.3365936279,index_cn,sh,100
000102,000102,2,沪投资品,3658.974609375,index_cn,sh,100
000103,000103,2,沪消费品,8888.783203125,index_cn,sh,100
000104,000104,2,380能源,806.7092895508,index_cn,sh,100
000105,000105,2,380材料,3308.4362792969,index_cn,sh,100
000106,000106,2,380工业,4351.0014648438,index_cn,sh,100
000107,000107,2,380可选,3813.716796875,index_cn,sh,100
000108,000108,2,380消费,11145.703125,index_cn,sh,100
000109,000109,2,380医药,12490.8427734375,index_cn,sh,100
000110,000110,2,380金融,3080.1257324219,index_cn,sh,100
000111,000111,2,380信息,7211.2548828125,index_cn,sh,100
000112,000112,2,380电信,5717.240234375,index_cn,sh,100
000113,000113,2,380公用,1883.3572998047,index_cn,sh,100
000114,000114,2,持续产业,998.7700805664,index_cn,sh,100
000115,000115,2,380等权,5994.3891601562,index_cn,sh,100
000116,000116,2,信用100,191.7633056641,index_cn,sh,100
000117,000117,2,380成长,5019.1328125,index_cn,sh,100
000118,000118,2,380价值,6351.041015625,index_cn,sh,100
000119,000119,2,380R成长,4056.0703125,index_cn,sh,100
000120,000120,2,380R价值,5422.9526367188,index_cn,sh,100
000121,000121,2,医药主题,10734.4052734375,index_cn,sh,100
000122,000122,2,农业主题,1459.3017578125,index_cn,sh,100
000123,000123,2,180动态,6296.9306640625,index_cn,sh,100
000125,000125,2,180稳定,10050.4296875,index_cn,sh,100
000126,000126,2,消费50,7464.3930664062,index_cn,sh,100
000128,000128,2,380基本,5517.9702148438,index_cn,sh,100
000129,000129,2,180波动,11289.990234375,index_cn,sh,100
000130,000130,2,380波动,8185.9213867188,index_cn,sh,100
000131,000131,2,上证高新,2188.9619140625,index_cn,sh,100
000132,000132,2,上证100,5469.8588867188,index_cn,sh,100
000133,000133,2,上证150,4073.7241210938,index_cn,sh,100
000134,000134,2,上证银行,785.5642700195,index_cn,sh,100
000135,000135,2,180高贝,5803.583984375,index_cn,sh,100
000136,000136,2,180低贝,9110.873046875,index_cn,sh,100
000137,000137,2,380高贝,4029.580078125,index_cn,sh,100
000138,000138,2,380低贝,5160.083984375,index_cn,sh,100
000139,000139,2,上证转债,317.7315063477,index_cn,sh,100
000141,000141,2,380动态,3128.7741699219,index_cn,sh,100
000142,000142,2,380稳定,6397.4091796875,index_cn,sh,100
000145,000145,2,优势资源,2624.87890625,index_cn,sh,100
000146,000146,2,优势制造,5531.0625,index_cn,sh,100
000147,000147,2,优势消费,7426.3081054688,index_cn,sh,100
000148,000148,2,消费领先,8680.9140625,index_cn,sh,100
000149,000149,2,180红利,3068.5986328125,index_cn,sh,100
000150,000150,2,380红利,7318.2607421875,index_cn,sh,100
000151,000151,2,上国红利,1065.853515625,index_cn,sh,100
000152,000152,2,上央红利,1705.6593017578,index_cn,sh,100
000153,000153,2,上民红利,2040.7572021484,index_cn,sh,100
000155,000155,2,市值百强,2795.5986328125,index_cn,sh,100
000158,000158,2,上证环保,1170.7265625,index_cn,sh,100
000159,000159,2,沪股通,2909.5583496094,index_cn,sh,100
000160,000160,2,沪新丝路,1256.5476074219,index_cn,sh,100
000161,000161,2,沪中国造,1584.3228759766,index_cn,sh,100
000162,000162,2,沪互联+,2655.8850097656,index_cn,sh,100
000170,000170,2,50AH优选,5372.59375,index_cn,sh,100
000171,000171,2,新兴成指,1438.0815429688,index_cn,sh,100
000300,000300,2,沪深300,3867.0319824219,index_cn,sh,100
000802,000802,2,500沪市,5270.3559570312,index_cn,sh,100
000805,000805,2,A股资源,2955.3518066406,index_cn,sh,100
000808,000808,2,医药生物,11838.072265625,index_cn,sh,100
000814,000814,2,细分医药,11428.4853515625,index_cn,sh,100
000819,000819,2,有色金属,3247.73828125,index_cn,sh,100
000823,000823,2,800有色,3247.154296875,index_cn,sh,100
000827,000827,2,中证环保,1207.7237548828,index_cn,sh,100
000828,000828,2,300高贝,2671.009765625,index_cn,sh,100
000841,000841,2,800医药,11233.09765625,index_cn,sh,100
000842,000842,2,800等权,5072.8916015625,index_cn,sh,100
000847,000847,2,腾讯济安,2091.7692871094,index_cn,sh,100
000849,000849,2,300非银,9708.0029296875,index_cn,sh,100
000851,000851,2,百发100,15988.279296875,index_cn,sh,100
000852,000852,2,中证1000,5547.6279296875,index_cn,sh,100
000853,000853,2,CSSW丝路,1551.2349853516,index_cn,sh,100
000854,000854,2,500原料,3421.4033203125,index_cn,sh,100
000855,000855,2,央视500,1261.2762451172,index_cn,sh,100
000856,000856,2,500工业,4112.6557617188,index_cn,sh,100
000857,000857,2,500医药,13180.8671875,index_cn,sh,100
000858,000858,2,500信息,7922.5629882812,index_cn,sh,100
000860,000860,2,结构调整,884.5861816406,index_cn,sh,100
000863,000863,2,CS精准医,3806.4506835938,index_cn,sh,100
000865,000865,2,上海国企,1318.8072509766,index_cn,sh,100
000867,000867,2,港中小企,5.877471754e-39,index_cn,sh,100
000869,000869,2,HK银行,5.877471754e-39,index_cn,sh,100
000891,000891,2,新兴综指,1240.4586181641,index_cn,sh,100
000901,000901,2,小康指数,4569.9755859375,index_cn,sh,100
000903,000903,2,中证100,3988.4145507812,index_cn,sh,100
000904,000904,2,中证200,4050.3295898438,index_cn,sh,100
000905,000905,2,中证500,5226.8115234375,index_cn,sh,100
000906,000906,2,中证800,4087.9143066406,index_cn,sh,100
000913,000913,2,300医药,12029.7294921875,index_cn,sh,100
000914,000914,2,300金融,6075.2041015625,index_cn,sh,100
000918,000918,2,300成长,4978.3374023438,index_cn,sh,100
000928,000928,2,中证能源,1414.7469482422,index_cn,sh,100
000932,000932,2,中证消费,17530.51953125,index_cn,sh,100
000933,000933,2,中证医药,11488.5751953125,index_cn,sh,100
000934,000934,2,中证金融,5786.50390625,index_cn,sh,100
000935,000935,2,中证信息,4882.9575195312,index_cn,sh,100
000944,000944,2,内地资源,1890.9545898438,index_cn,sh,100
000958,000958,2,创业成长,1232.0487060547,index_cn,sh,100
000966,000966,2,基本400,5675.3940429688,index_cn,sh,100
000971,000971,2,等权90,2780.3754882812,index_cn,sh,100
000974,000974,2,800金融,5943.8994140625,index_cn,sh,100
000982,000982,2,500等权,6025.16796875,index_cn,sh,100
000984,000984,2,300等权,3802.1721191406,index_cn,sh,100
000986,000986,2,全指能源,1267.6931152344,index_cn,sh,100
000987,000987,2,全指材料,2552.7661132812,index_cn,sh,100
000989,000989,2,全指可选,4157.9609375,index_cn,sh,100
000990,000990,2,全指消费,15414.0029296875,index_cn,sh,100
000991,000991,2,全指医药,11530.69140625,index_cn,sh,100
000992,000992,2,全指金融,5501.7788085938,index_cn,sh,100
000993,000993,2,全指信息,6041.6352539062,index_cn,sh,100
000998,000998,2,中证TMT,2078.6772460938,index_cn,sh,100
395001,395001,2,主板Ａ股,457.0,index_cn,sz,100
395002,395002,2,主板Ｂ股,256.0,index_cn,sz,100
395003,395003,2,中小板,953.0,index_cn,sz,100
395004,395004,2,创业板,804.0,index_cn,sz,100
395005,395005,2,存托凭证,5.877471754e-39,index_cn,sz,100
395011,395011,2,封闭基金,32768.5,index_cn,sz,100
395012,395012,2,ＬＯＦｓ,248.0,index_cn,sz,100
395013,395013,2,ＥＴＦｓ,95.0,index_cn,sz,100
395014,395014,2,分级基金,206.0,index_cn,sz,100
395021,395021,2,可 转 债,132.0,index_cn,sz,100
395022,395022,2,企业债,25.0,index_cn,sz,100
395024,395024,2,公司债,684.0,index_cn,sz,100
395031,395031,2,国债,4542.0,index_cn,sz,100
395032,395032,2,债券回购,264.0,index_cn,sz,100
395041,395041,2,股票权证,5.877471754e-39,index_cn,sz,100
395099,395099,2,总 成 交,2260.0,index_cn,sz,100
399001,399001,2,深证成指,10514.1728515625,index_cn,sz,100
399002,399002,2,深成指R,12904.5263671875,index_cn,sz,100
399003,399003,2,成份Ｂ指,4780.5639648438,index_cn,sz,100
399004,399004,2,深证100R,5991.3666992188,index_cn,sz,100
399005,399005,2,中小板指,6926.0991210938,index_cn,sz,100
399006,399006,2,创业板指,2030.4769287109,index_cn,sz,100
399007,399007,2,深证300,4509.5375976562,index_cn,sz,100
399008,399008,2,中小300,1309.5394287109,index_cn,sz,100
399009,399009,2,深证200,4105.2060546875,index_cn,sz,100
399010,399010,2,深证700,5915.40234375,index_cn,sz,100
399011,399011,2,深证1000,4937.0483398438,index_cn,sz,100
399012,399012,2,创业300,2827.21484375,index_cn,sz,100
399013,399013,2,深市精选,4646.1450195312,index_cn,sz,100
399015,399015,2,中小创新,1925.3341064453,index_cn,sz,100
399016,399016,2,深证创新,3232.5717773438,index_cn,sz,100
399017,399017,2,SME创新,2939.3271484375,index_cn,sz,100
399018,399018,2,创业创新,3664.6318359375,index_cn,sz,100
399050,399050,2,创新引擎,2471.0026855469,index_cn,sz,100
399088,399088,2,深创100,3112.3483886719,index_cn,sz,100
399100,399100,2,新 指 数,7893.1796875,index_cn,sz,100
399101,399101,2,中小板综,9807.4130859375,index_cn,sz,100
399102,399102,2,创业板综,2253.6650390625,index_cn,sz,100
399103,399103,2,乐富指数,6276.6323242188,index_cn,sz,100
399106,399106,2,深证综指,1730.7421875,index_cn,sz,100
399107,399107,2,深证Ａ指,1811.0322265625,index_cn,sz,100
399108,399108,2,深证Ｂ指,823.7258911133,index_cn,sz,100
399231,399231,2,农林指数,1661.6590576172,index_cn,sz,100
399232,399232,2,采矿指数,1658.2878417969,index_cn,sz,100
399233,399233,2,制造指数,2006.6729736328,index_cn,sz,100
399234,399234,2,水电指数,607.2551269531,index_cn,sz,100
399235,399235,2,建筑指数,1017.8629150391,index_cn,sz,100
399236,399236,2,批零指数,1348.4248046875,index_cn,sz,100
399237,399237,2,运输指数,1059.6196289062,index_cn,sz,100
399238,399238,2,餐饮指数,1017.3198852539,index_cn,sz,100
399239,399239,2,IT指数,1864.8813476562,index_cn,sz,100
399240,399240,2,金融指数,1038.5185546875,index_cn,sz,100
399241,399241,2,地产指数,2342.9504394531,index_cn,sz,100
399242,399242,2,商务指数,998.8756103516,index_cn,sz,100
399243,399243,2,科研指数,1940.8143310547,index_cn,sz,100
399244,399244,2,公共指数,756.6380004883,index_cn,sz,100
399248,399248,2,文化指数,909.1530151367,index_cn,sz,100
399249,399249,2,综企指数,718.8547973633,index_cn,sz,100
399282,399282,2,大数据50,4595.244140625,index_cn,sz,100
399283,399283,2,机器人50,2291.8854980469,index_cn,sz,100
399284,399284,2,AI 50,3094.5834960938,index_cn,sz,100
399285,399285,2,物联网50,3238.8159179688,index_cn,sz,100
399286,399286,2,区块链50,3189.3369140625,index_cn,sz,100
399290,399290,2,深转交债,133.2991943359,index_cn,sz,100
399291,399291,2,创精选88,3188.4226074219,index_cn,sz,100
399292,399292,2,民企发展,1112.7227783203,index_cn,sz,100
399293,399293,2,创业大盘,3786.2390136719,index_cn,sz,100
399294,399294,2,中小创Q,2808.5378417969,index_cn,sz,100
399295,399295,2,创业蓝筹,4602.5883789062,index_cn,sz,100
399296,399296,2,创成长,3950.7434082031,index_cn,sz,100
399297,399297,2,新浪100,3012.4768066406,index_cn,sz,100
399298,399298,2,深信中高,175.083404541,index_cn,sz,100
399299,399299,2,深信中低,192.0986022949,index_cn,sz,100
399300,399300,2,沪深300,3867.0319824219,index_cn,sz,100
399301,399301,2,深信用债,178.0605010986,index_cn,sz,100
399302,399302,2,深公司债,182.2467041016,index_cn,sz,100
399303,399303,2,国证2000,6084.1923828125,index_cn,sz,100
399306,399306,2,深证ETF,1262.7071533203,index_cn,sz,100
399307,399307,2,深证转债,242.591003418,index_cn,sz,100
399310,399310,2,国证A50,6100.802734375,index_cn,sz,100
399311,399311,2,国证1000,3856.349609375,index_cn,sz,100
399312,399312,2,国证300,4390.1000976562,index_cn,sz,100
399313,399313,2,巨潮100,4585.7275390625,index_cn,sz,100
399314,399314,2,巨潮大盘,4086.6765136719,index_cn,sz,100
399315,399315,2,巨潮中盘,3846.4309082031,index_cn,sz,100
399316,399316,2,巨潮小盘,4035.146484375,index_cn,sz,100
399317,399317,2,国证Ａ指,4435.072265625,index_cn,sz,100
399318,399318,2,国证Ｂ指,3219.0632324219,index_cn,sz,100
399319,399319,2,资源优势,1289.1993408203,index_cn,sz,100
399320,399320,2,国证服务,1806.875,index_cn,sz,100
399321,399321,2,国证红利,6308.5874023438,index_cn,sz,100
399322,399322,2,国证治理,8304.697265625,index_cn,sz,100
399324,399324,2,深证红利,9269.689453125,index_cn,sz,100
399326,399326,2,成长40,5707.1958007812,index_cn,sz,100
399328,399328,2,深证治理,10019.8203125,index_cn,sz,100
399330,399330,2,深证100,4666.4077148438,index_cn,sz,100
399333,399333,2,中小板R,7802.0537109375,index_cn,sz,100
399335,399335,2,深证央企,3788.8916015625,index_cn,sz,100
399337,399337,2,深证民营,4640.6845703125,index_cn,sz,100
399339,399339,2,深证科技,6323.46484375,index_cn,sz,100
399341,399341,2,深证责任,1784.6784667969,index_cn,sz,100
399344,399344,2,深证300R,5419.7963867188,index_cn,sz,100
399346,399346,2,深证成长,3809.1708984375,index_cn,sz,100
399348,399348,2,深证价值,5907.1904296875,index_cn,sz,100
399350,399350,2,皖江30,1683.1771240234,index_cn,sz,100
399351,399351,2,创新示范,8509.6572265625,index_cn,sz,100
399352,399352,2,深企综指,7776.9086914062,index_cn,sz,100
399353,399353,2,国证物流,2160.7321777344,index_cn,sz,100
399354,399354,2,分析师指,6740.607421875,index_cn,sz,100
399355,399355,2,长三角,3303.2836914062,index_cn,sz,100
399356,399356,2,珠三角,9935.306640625,index_cn,sz,100
399357,399357,2,环渤海,2679.7888183594,index_cn,sz,100
399358,399358,2,国证环保,2925.8254394531,index_cn,sz,100
399359,399359,2,国证基建,2289.5844726562,index_cn,sz,100
399360,399360,2,新硬件,3763.2687988281,index_cn,sz,100
399361,399361,2,在线消费,4658.9609375,index_cn,sz,100
399362,399362,2,民企100,6484.3129882812,index_cn,sz,100
399363,399363,2,云科技,4649.32421875,index_cn,sz,100
399364,399364,2,消费100,8919.873046875,index_cn,sz,100
399365,399365,2,国证农业,12621.5322265625,index_cn,sz,100
399366,399366,2,国证大宗,1707.9404296875,index_cn,sz,100
399367,399367,2,1000地产,5337.1181640625,index_cn,sz,100
399368,399368,2,国证军工,5694.9926757812,index_cn,sz,100
399369,399369,2,国证责任,1478.1135253906,index_cn,sz,100
399370,399370,2,国证成长,4092.8344726562,index_cn,sz,100
399371,399371,2,国证价值,5593.9619140625,index_cn,sz,100
399372,399372,2,大盘成长,4200.9067382812,index_cn,sz,100
399373,399373,2,大盘价值,6877.9619140625,index_cn,sz,100
399374,399374,2,中盘成长,4251.02734375,index_cn,sz,100
399375,399375,2,中盘价值,4576.3056640625,index_cn,sz,100
399376,399376,2,小盘成长,4542.9409179688,index_cn,sz,100
399377,399377,2,小盘价值,5103.72265625,index_cn,sz,100
399378,399378,2,国证低碳,2252.7026367188,index_cn,sz,100
399379,399379,2,国证基金,6726.6518554688,index_cn,sz,100
399380,399380,2,国证ETF,1342.3717041016,index_cn,sz,100
399381,399381,2,1000能源,1597.2365722656,index_cn,sz,100
399382,399382,2,1000材料,1988.2016601562,index_cn,sz,100
399383,399383,2,1000工业,2093.5024414062,index_cn,sz,100
399384,399384,2,1000可选,3062.4150390625,index_cn,sz,100
399385,399385,2,1000消费,11009.0888671875,index_cn,sz,100
399386,399386,2,1000医药,8065.740234375,index_cn,sz,100
399387,399387,2,1000金融,4684.0932617188,index_cn,sz,100
399388,399388,2,1000信息,4253.3037109375,index_cn,sz,100
399389,399389,2,国证通信,3927.9509277344,index_cn,sz,100
399390,399390,2,1000公用,1873.1794433594,index_cn,sz,100
399391,399391,2,投资时钟,2780.1486816406,index_cn,sz,100
399392,399392,2,国证新兴,2178.2412109375,index_cn,sz,100
399393,399393,2,国证地产,5716.552734375,index_cn,sz,100
399394,399394,2,国证医药,12316.7001953125,index_cn,sz,100
399395,399395,2,国证有色,3139.40234375,index_cn,sz,100
399396,399396,2,国证食品,19035.583984375,index_cn,sz,100
399397,399397,2,国证文化,2001.494140625,index_cn,sz,100
399398,399398,2,绩效指数,9100.716796875,index_cn,sz,100
399399,399399,2,中经GDP,7060.0703125,index_cn,sz,100
399400,399400,2,大中盘,3361.41015625,index_cn,sz,100
399401,399401,2,中小盘,3581.6037597656,index_cn,sz,100
399402,399402,2,周期100,2806.6293945312,index_cn,sz,100
399403,399403,2,防御100,8131.7622070312,index_cn,sz,100
399404,399404,2,大盘低波,4368.0629882812,index_cn,sz,100
399405,399405,2,大盘高贝,2141.2790527344,index_cn,sz,100
399406,399406,2,中盘低波,9464.5478515625,index_cn,sz,100
399407,399407,2,中盘高贝,2510.8959960938,index_cn,sz,100
399408,399408,2,小盘低波,9612.84765625,index_cn,sz,100
399409,399409,2,小盘高贝,3714.0510253906,index_cn,sz,100
399410,399410,2,苏州率先,2059.5163574219,index_cn,sz,100
399411,399411,2,红利100,2856.8278808594,index_cn,sz,100
399412,399412,2,国证新能,1743.0743408203,index_cn,sz,100
399413,399413,2,国证转债,130.8179931641,index_cn,sz,100
399415,399415,2,I100,5459.0498046875,index_cn,sz,100
399416,399416,2,I300,3426.6240234375,index_cn,sz,100
399417,399417,2,新能源车,1796.4775390625,index_cn,sz,100
399418,399418,2,国证国安,3039.3955078125,index_cn,sz,100
399419,399419,2,国证高铁,1512.3787841797,index_cn,sz,100
399420,399420,2,国证保证,1263.1696777344,index_cn,sz,100
399422,399422,2,中关村A,2898.7172851562,index_cn,sz,100
399423,399423,2,中关村50,2757.541015625,index_cn,sz,100
399427,399427,2,专利领先,2342.1064453125,index_cn,sz,100
399428,399428,2,国证定增,2225.107421875,index_cn,sz,100
399429,399429,2,新丝路,1061.4171142578,index_cn,sz,100
399431,399431,2,国证银行,6089.9711914062,index_cn,sz,100
399432,399432,2,智能汽车,2575.4597167969,index_cn,sz,100
399433,399433,2,国证交运,1530.2513427734,index_cn,sz,100
399434,399434,2,国证传媒,1761.2365722656,index_cn,sz,100
399435,399435,2,国证农牧,5086.0751953125,index_cn,sz,100
399436,399436,2,国证煤炭,1984.251953125,index_cn,sz,100
399437,399437,2,证券龙头,5356.0537109375,index_cn,sz,100
399438,399438,2,国证电力,1627.0909423828,index_cn,sz,100
399439,399439,2,国证油气,1147.3851318359,index_cn,sz,100
399440,399440,2,国证钢铁,1050.5771484375,index_cn,sz,100
399441,399441,2,生物医药,4189.1298828125,index_cn,sz,100
399481,399481,2,企债指数,128.9306030273,index_cn,sz,100
399550,399550,2,央视50,6990.6865234375,index_cn,sz,100
399551,399551,2,央视创新,7399.529296875,index_cn,sz,100
399552,399552,2,央视成长,7634.6557617188,index_cn,sz,100
399553,399553,2,央视回报,6142.7104492188,index_cn,sz,100
399554,399554,2,央视治理,6878.9506835938,index_cn,sz,100
399555,399555,2,央视责任,4346.7890625,index_cn,sz,100
399556,399556,2,央视生态,1585.7443847656,index_cn,sz,100
399557,399557,2,央视文化,1619.3643798828,index_cn,sz,100
399602,399602,2,中小成长,1172.2410888672,index_cn,sz,100
399604,399604,2,中小价值,1441.1214599609,index_cn,sz,100
399606,399606,2,创业板R,2143.1064453125,index_cn,sz,100
399608,399608,2,科技100,2621.4353027344,index_cn,sz,100
399610,399610,2,TMT50,5643.5,index_cn,sz,100
399611,399611,2,中创100R,2211.3698730469,index_cn,sz,100
399612,399612,2,中创100,2002.9681396484,index_cn,sz,100
399613,399613,2,深证能源,2160.1264648438,index_cn,sz,100
399614,399614,2,深证材料,2230.767578125,index_cn,sz,100
399615,399615,2,深证工业,2447.5756835938,index_cn,sz,100
399616,399616,2,深证可选,5139.8666992188,index_cn,sz,100
399617,399617,2,深证消费,12994.138671875,index_cn,sz,100
399618,399618,2,深证医药,13121.748046875,index_cn,sz,100
399619,399619,2,深证金融,5199.4208984375,index_cn,sz,100
399620,399620,2,深证信息,3951.1025390625,index_cn,sz,100
399621,399621,2,深证电信,3546.8110351562,index_cn,sz,100
399622,399622,2,深证公用,1414.4953613281,index_cn,sz,100
399623,399623,2,中小基础,7118.228515625,index_cn,sz,100
399624,399624,2,中创400,1775.2067871094,index_cn,sz,100
399625,399625,2,中创500,1733.3420410156,index_cn,sz,100
399626,399626,2,中创成长,1570.2264404297,index_cn,sz,100
399627,399627,2,中创价值,1758.2618408203,index_cn,sz,100
399628,399628,2,700成长,1666.3415527344,index_cn,sz,100
399629,399629,2,700价值,1992.4431152344,index_cn,sz,100
399630,399630,2,1000成长,1419.2015380859,index_cn,sz,100
399631,399631,2,1000价值,1824.9206542969,index_cn,sz,100
399632,399632,2,深100EW,4590.1704101562,index_cn,sz,100
399633,399633,2,深300EW,4991.4389648438,index_cn,sz,100
399634,399634,2,中小板EW,3577.2600097656,index_cn,sz,100
399635,399635,2,创业板EW,1886.5661621094,index_cn,sz,100
399636,399636,2,深证装备,3379.1118164062,index_cn,sz,100
399637,399637,2,深证地产,4000.6223144531,index_cn,sz,100
399638,399638,2,深证环保,3003.6044921875,index_cn,sz,100
399639,399639,2,深证大宗,1962.3450927734,index_cn,sz,100
399640,399640,2,创业基础,1815.7917480469,index_cn,sz,100
399641,399641,2,深证新兴,1940.4024658203,index_cn,sz,100
399642,399642,2,中小新兴,1619.9171142578,index_cn,sz,100
399643,399643,2,创业新兴,2312.0200195312,index_cn,sz,100
399644,399644,2,深证时钟,3321.1826171875,index_cn,sz,100
399645,399645,2,100低波,7931.4702148438,index_cn,sz,100
399646,399646,2,深消费50,7989.2602539062,index_cn,sz,100
399647,399647,2,深医药50,12777.431640625,index_cn,sz,100
399648,399648,2,深证GDP,8174.7021484375,index_cn,sz,100
399649,399649,2,中小红利,2812.3063964844,index_cn,sz,100
399650,399650,2,中小治理,2379.5336914062,index_cn,sz,100
399651,399651,2,中小责任,1681.58203125,index_cn,sz,100
399652,399652,2,中创高新,2857.5720214844,index_cn,sz,100
399653,399653,2,深证龙头,2382.7836914062,index_cn,sz,100
399654,399654,2,深证文化,2643.7800292969,index_cn,sz,100
399655,399655,2,深证绩效,9185.767578125,index_cn,sz,100
399656,399656,2,100绩效,5999.6782226562,index_cn,sz,100
399657,399657,2,300绩效,6149.3525390625,index_cn,sz,100
399658,399658,2,中小绩效,4382.70703125,index_cn,sz,100
399659,399659,2,深成指EW,3556.4084472656,index_cn,sz,100
399660,399660,2,中创EW,2401.3337402344,index_cn,sz,100
399661,399661,2,深证低波,4467.0107421875,index_cn,sz,100
399662,399662,2,深证高贝,1797.291015625,index_cn,sz,100
399663,399663,2,中小低波,1317.3295898438,index_cn,sz,100
399664,399664,2,中小高贝,984.2354736328,index_cn,sz,100
399665,399665,2,中创低波,1511.9321289062,index_cn,sz,100
399666,399666,2,中创高贝,1370.9079589844,index_cn,sz,100
399667,399667,2,创业板G,2946.4973144531,index_cn,sz,100
399668,399668,2,创业板V,2534.0686035156,index_cn,sz,100
399669,399669,2,深证农业,10220.263671875,index_cn,sz,100
399670,399670,2,深周期50,2820.1857910156,index_cn,sz,100
399671,399671,2,深防御50,8259.4365234375,index_cn,sz,100
399672,399672,2,深红利50,3724.8249511719,index_cn,sz,100
399673,399673,2,创业板50,1752.9068603516,index_cn,sz,100
399674,399674,2,深A医药,2496.8513183594,index_cn,sz,100
399675,399675,2,深互联网,3214.736328125,index_cn,sz,100
399676,399676,2,深医药EW,2933.5666503906,index_cn,sz,100
399677,399677,2,深互联EW,3712.791015625,index_cn,sz,100
399678,399678,2,深次新股,1033.0072021484,index_cn,sz,100
399679,399679,2,深证200R,4598.2954101562,index_cn,sz,100
399680,399680,2,深成能源,487.1607971191,index_cn,sz,100
399681,399681,2,深成材料,784.0797729492,index_cn,sz,100
399682,399682,2,深成工业,1033.7806396484,index_cn,sz,100
399683,399683,2,深成可选,1564.0356445312,index_cn,sz,100
399684,399684,2,深成消费,2531.3566894531,index_cn,sz,100
399685,399685,2,深成医药,2589.1667480469,index_cn,sz,100
399686,399686,2,深成金融,1610.9265136719,index_cn,sz,100
399687,399687,2,深成信息,2620.439453125,index_cn,sz,100
399688,399688,2,深成电信,1851.9836425781,index_cn,sz,100
399689,399689,2,深成公用,749.1654052734,index_cn,sz,100
399690,399690,2,中小专利,1821.5985107422,index_cn,sz,100
399691,399691,2,创业专利,2322.7202148438,index_cn,sz,100
399692,399692,2,创业低波,2539.3681640625,index_cn,sz,100
399693,399693,2,安防产业,3704.9592285156,index_cn,sz,100
399694,399694,2,创业高贝,2567.2468261719,index_cn,sz,100
399695,399695,2,深证节能,1984.5209960938,index_cn,sz,100
399696,399696,2,深证创投,2298.3784179688,index_cn,sz,100
399697,399697,2,中关村60,4176.0913085938,index_cn,sz,100
399698,399698,2,优势成长,17860.505859375,index_cn,sz,100
399699,399699,2,金融科技,3500.6782226562,index_cn,sz,100
399701,399701,2,深证F60,7573.9326171875,index_cn,sz,100
399702,399702,2,深证F120,6793.2250976562,index_cn,sz,100
399703,399703,2,深证F200,6503.3247070312,index_cn,sz,100
399704,399704,2,深证上游,3004.2060546875,index_cn,sz,100
399705,399705,2,深证中游,2404.4829101562,index_cn,sz,100
399706,399706,2,深证下游,6604.2622070312,index_cn,sz,100
399707,399707,2,CSSW证券,5687.0590820312,index_cn,sz,100
399802,399802,2,500深市,4876.861328125,index_cn,sz,100
399803,399803,2,工业4.0,3031.7800292969,index_cn,sz,100
399804,399804,2,中证体育,1844.8979492188,index_cn,sz,100
399805,399805,2,互联金融,2609.6550292969,index_cn,sz,100
399806,399806,2,环境治理,1366.4610595703,index_cn,sz,100
399807,399807,2,高铁产业,1316.9814453125,index_cn,sz,100
399808,399808,2,中证新能,1527.9788818359,index_cn,sz,100
399809,399809,2,保险主题,2067.5275878906,index_cn,sz,100
399810,399810,2,CSSW传媒,2865.7478027344,index_cn,sz,100
399811,399811,2,CSSW电子,3092.8562011719,index_cn,sz,100
399812,399812,2,养老产业,7746.4321289062,index_cn,sz,100
399813,399813,2,中证国安,5243.3955078125,index_cn,sz,100
399814,399814,2,大农业,1425.5632324219,index_cn,sz,100
399817,399817,2,生态100,996.0853881836,index_cn,sz,100
399901,399901,2,小康指数,4569.9755859375,index_cn,sz,100
399903,399903,2,中证100,3988.4145507812,index_cn,sz,100
399904,399904,2,中证 200,4050.3295898438,index_cn,sz,100
399905,399905,2,中证 500,5226.8115234375,index_cn,sz,100
399913,399913,2,300 医药,12029.7294921875,index_cn,sz,100
399914,399914,2,300 金融,6075.2041015625,index_cn,sz,100
399918,399918,2,300 成长,4978.3374023438,index_cn,sz,100
399928,399928,2,中证能源,1414.7469482422,index_cn,sz,100
399932,399932,2,中证消费,17530.51953125,index_cn,sz,100
399933,399933,2,中证医药,11488.5751953125,index_cn,sz,100
399934,399934,2,中证金融,5786.50390625,index_cn,sz,100
399935,399935,2,中证信息,4882.9575195312,index_cn,sz,100
399944,399944,2,内地资源,1890.9545898438,index_cn,sz,100
399958,399958,2,创业成长,1232.0487060547,index_cn,sz,100
399959,399959,2,军工指数,1065.9405517578,index_cn,sz,100
399965,399965,2,800地产,6093.5756835938,index_cn,sz,100
399966,399966,2,800非银,5603.99609375,index_cn,sz,100
399967,399967,2,中证军工,8095.4833984375,index_cn,sz,100
399970,399970,2,移动互联,2885.005859375,index_cn,sz,100
399971,399971,2,中证传媒,1337.1375732422,index_cn,sz,100
399972,399972,2,300深市,4898.0668945312,index_cn,sz,100
399973,399973,2,中证国防,1237.111328125,index_cn,sz,100
399974,399974,2,国企改革,1488.7625732422,index_cn,sz,100
399975,399975,2,证券公司,700.7711791992,index_cn,sz,100
399976,399976,2,CS新能车,1978.3123779297,index_cn,sz,100
399982,399982,2,500等权,6025.16796875,index_cn,sz,100
399983,399983,2,地产等权,6738.8725585938,index_cn,sz,100
399986,399986,2,中证银行,6035.5688476562,index_cn,sz,100
399987,399987,2,中证酒,4531.3466796875,index_cn,sz,100
399989,399989,2,中证医疗,11424.5947265625,index_cn,sz,100
399990,399990,2,煤炭等权,1332.9204101562,index_cn,sz,100
399991,399991,2,一带一路,1386.9072265625,index_cn,sz,100
399992,399992,2,CSWD并购,1475.2320556641,index_cn,sz,100
399993,399993,2,CSWD生科,3975.5283203125,index_cn,sz,100
399994,399994,2,信息安全,1875.8551025391,index_cn,sz,100
399995,399995,2,基建工程,3524.5822753906,index_cn,sz,100
399996,399996,2,智能家居,2795.546875,index_cn,sz,100
399997,399997,2,中证白酒,8074.5600585938,index_cn,sz,100
399998,399998,2,中证煤炭,1024.4274902344,index_cn,sz,100
880001,880001,2,总市值,5829.419921875,index_cn,sh,100
880002,880002,2,流通市值,4730.3500976562,index_cn,sh,100
880003,880003,2,平均股价,17.0200004578,index_cn,sh,100
880004,880004,2,成交均价,728.0174999237,index_cn,sh,100
880005,880005,2,涨跌家数,1912.0,index_cn,sh,100
880006,880006,2,停板家数,448.0,index_cn,sh,100
880007,880007,2,活筹市值,2402.1201171875,index_cn,sh,100
880011,880011,2,Ａ主总值,4012.8500976562,index_cn,sh,100
880012,880012,2,Ａ主流通,3476.3798828125,index_cn,sh,100
880013,880013,2,Ａ主平均,1576.0249996185,index_cn,sh,100
880014,880014,2,Ａ主均价,552.0550003052,index_cn,sh,100
880015,880015,2,Ａ主涨跌,983.0,index_cn,sh,100
880016,880016,2,Ａ主停板,96.0,index_cn,sh,100
880017,880017,2,Ａ主活筹,1606.7099609375,index_cn,sh,100
880021,880021,2,中小总值,1013.3300170898,index_cn,sh,100
880022,880022,2,中小流通,780.2600097656,index_cn,sh,100
880023,880023,2,中小平均,1400.0024995804,index_cn,sh,100
880024,880024,2,中小均价,504.0124998093,index_cn,sh,100
880025,880025,2,中小涨跌,477.0,index_cn,sh,100
880026,880026,2,中小停板,1032.0,index_cn,sh,100
880027,880027,2,中小活筹,453.7399902344,index_cn,sh,100
880031,880031,2,创业总值,672.799987793,index_cn,sh,100
880032,880032,2,创业流通,453.5700073242,index_cn,sh,100
880033,880033,2,创业平均,22.4099998474,index_cn,sh,100
880034,880034,2,创业均价,1448.0550003052,index_cn,sh,100
880035,880035,2,创业涨跌,402.0,index_cn,sh,100
880036,880036,2,创业停板,520.0,index_cn,sh,100
880037,880037,2,创业活筹,321.5199890137,index_cn,sh,100
880201,880201,2,黑龙江,711.1799926758,index_cn,sh,100
880202,880202,2,新疆板块,660.7299804688,index_cn,sh,100
880203,880203,2,吉林板块,958.700012207,index_cn,sh,100
880204,880204,2,甘肃板块,976.0,index_cn,sh,100
880205,880205,2,辽宁板块,710.7800292969,index_cn,sh,100
880206,880206,2,青海板块,299.5599975586,index_cn,sh,100
880207,880207,2,北京板块,1180.9699707031,index_cn,sh,100
880208,880208,2,陕西板块,922.1099853516,index_cn,sh,100
880209,880209,2,天津板块,784.7299804688,index_cn,sh,100
880210,880210,2,广西板块,706.4299926758,index_cn,sh,100
880211,880211,2,河北板块,746.7700195312,index_cn,sh,100
880212,880212,2,广东板块,2002.4000244141,index_cn,sh,100
880213,880213,2,河南板块,1037.4599609375,index_cn,sh,100
880214,880214,2,宁夏板块,401.0700073242,index_cn,sh,100
880215,880215,2,山东板块,1193.8299560547,index_cn,sh,100
880216,880216,2,上海板块,1251.6600341797,index_cn,sh,100
880217,880217,2,山西板块,586.1400146484,index_cn,sh,100
880218,880218,2,深圳板块,2142.2900390625,index_cn,sh,100
880219,880219,2,湖北板块,1223.5100097656,index_cn,sh,100
880220,880220,2,福建板块,1604.0899658203,index_cn,sh,100
880221,880221,2,湖南板块,1024.1199951172,index_cn,sh,100
880222,880222,2,江西板块,939.8400268555,index_cn,sh,100
880223,880223,2,四川板块,1578.9899902344,index_cn,sh,100
880224,880224,2,安徽板块,1196.6999511719,index_cn,sh,100
880225,880225,2,重庆板块,1165.9699707031,index_cn,sh,100
880226,880226,2,江苏板块,1441.0799560547,index_cn,sh,100
880227,880227,2,云南板块,923.8699951172,index_cn,sh,100
880228,880228,2,浙江板块,1529.8399658203,index_cn,sh,100
880229,880229,2,贵州板块,5816.2700195312,index_cn,sh,100
880230,880230,2,海南板块,624.049987793,index_cn,sh,100
880231,880231,2,西藏板块,514.299987793,index_cn,sh,100
880232,880232,2,内蒙板块,1098.4399414062,index_cn,sh,100
880301,880301,2,煤炭,478.0199890137,index_cn,sh,100
880302,880302,2,煤炭开采,486.799987793,index_cn,sh,100
880303,880303,2,焦炭加工,389.9899902344,index_cn,sh,100
880305,880305,2,电力,1156.6199951172,index_cn,sh,100
880306,880306,2,水力发电,1668.7900390625,index_cn,sh,100
880307,880307,2,火力发电,877.9699707031,index_cn,sh,100
880308,880308,2,新型电力,585.9899902344,index_cn,sh,100
880310,880310,2,石油,577.9799804688,index_cn,sh,100
880311,880311,2,石油开采,459.75,index_cn,sh,100
880312,880312,2,石油加工,928.1699829102,index_cn,sh,100
880313,880313,2,石油贸易,1114.9100341797,index_cn,sh,100
880318,880318,2,钢铁,631.4799804688,index_cn,sh,100
880319,880319,2,普钢,555.8599853516,index_cn,sh,100
880320,880320,2,特种钢,1098.0100097656,index_cn,sh,100
880321,880321,2,钢加工,731.1500244141,index_cn,sh,100
880324,880324,2,有色,472.950012207,index_cn,sh,100
880325,880325,2,铜,401.4700012207,index_cn,sh,100
880326,880326,2,铝,415.8500061035,index_cn,sh,100
880327,880327,2,铅锌,367.1600036621,index_cn,sh,100
880328,880328,2,黄金,686.7100219727,index_cn,sh,100
880329,880329,2,小金属,500.299987793,index_cn,sh,100
880330,880330,2,化纤,1483.5999755859,index_cn,sh,100
880335,880335,2,化工,995.2299804688,index_cn,sh,100
880336,880336,2,化工原料,1047.9300537109,index_cn,sh,100
880337,880337,2,农药化肥,755.8400268555,index_cn,sh,100
880338,880338,2,塑料,1071.9499511719,index_cn,sh,100
880339,880339,2,橡胶,753.2899780273,index_cn,sh,100
880340,880340,2,染料涂料,1951.6899414062,index_cn,sh,100
880344,880344,2,建材,1425.9799804688,index_cn,sh,100
880345,880345,2,陶瓷,2074.919921875,index_cn,sh,100
880346,880346,2,水泥,1538.1099853516,index_cn,sh,100
880347,880347,2,玻璃,982.799987793,index_cn,sh,100
880348,880348,2,其他建材,1794.8900146484,index_cn,sh,100
880350,880350,2,造纸,1056.2700195312,index_cn,sh,100
880351,880351,2,矿物制品,899.2399902344,index_cn,sh,100
880355,880355,2,日用化工,1326.7399902344,index_cn,sh,100
880360,880360,2,农林牧渔,1954.1099853516,index_cn,sh,100
880361,880361,2,种植业,1150.1700439453,index_cn,sh,100
880362,880362,2,渔业,392.3999938965,index_cn,sh,100
880363,880363,2,林业,787.8800048828,index_cn,sh,100
880364,880364,2,饲料,3501.2600097656,index_cn,sh,100
880366,880366,2,农业综合,1984.2199707031,index_cn,sh,100
880367,880367,2,纺织服饰,830.3800048828,index_cn,sh,100
880368,880368,2,纺织,806.8599853516,index_cn,sh,100
880369,880369,2,服饰,834.3499755859,index_cn,sh,100
880372,880372,2,食品饮料,2637.330078125,index_cn,sh,100
880373,880373,2,乳制品,3454.080078125,index_cn,sh,100
880374,880374,2,软饮料,868.3499755859,index_cn,sh,100
880375,880375,2,食品,2468.8200683594,index_cn,sh,100
880380,880380,2,酿酒,4510.6401367188,index_cn,sh,100
880381,880381,2,白酒,5843.1899414062,index_cn,sh,100
880382,880382,2,啤酒,927.1900024414,index_cn,sh,100
880383,880383,2,红黄酒,548.2100219727,index_cn,sh,100
880387,880387,2,家用电器,3113.580078125,index_cn,sh,100
880390,880390,2,汽车类,1193.1300048828,index_cn,sh,100
880391,880391,2,汽车整车,1225.9200439453,index_cn,sh,100
880392,880392,2,汽车配件,1275.6099853516,index_cn,sh,100
880393,880393,2,汽车服务,544.0700073242,index_cn,sh,100
880394,880394,2,摩托车,598.6300048828,index_cn,sh,100
880398,880398,2,医疗保健,3891.3500976562,index_cn,sh,100
880399,880399,2,家居用品,2104.4099121094,index_cn,sh,100
880400,880400,2,医药,2085.7199707031,index_cn,sh,100
880401,880401,2,化学制药,2222.1298828125,index_cn,sh,100
880402,880402,2,生物制药,3326.1101074219,index_cn,sh,100
880403,880403,2,中成药,1323.0500488281,index_cn,sh,100
880406,880406,2,商业连锁,894.9199829102,index_cn,sh,100
880407,880407,2,百货,708.0399780273,index_cn,sh,100
880408,880408,2,超市连锁,1306.9499511719,index_cn,sh,100
880409,880409,2,电器连锁,647.5100097656,index_cn,sh,100
880410,880410,2,医药商业,1648.1700439453,index_cn,sh,100
880411,880411,2,其他商业,536.1900024414,index_cn,sh,100
880412,880412,2,商品城,405.2399902344,index_cn,sh,100
880413,880413,2,批发业,775.3400268555,index_cn,sh,100
880414,880414,2,商贸代理,749.0800170898,index_cn,sh,100
880418,880418,2,传媒娱乐,926.4099731445,index_cn,sh,100
880419,880419,2,出版业,927.6400146484,index_cn,sh,100
880420,880420,2,影视音像,958.9099731445,index_cn,sh,100
880421,880421,2,广告包装,1213.4599609375,index_cn,sh,100
880422,880422,2,文教休闲,1899.9300537109,index_cn,sh,100
880423,880423,2,酒店餐饮,917.5100097656,index_cn,sh,100
880424,880424,2,旅游,2121.0900878906,index_cn,sh,100
880425,880425,2,旅游服务,3373.4499511719,index_cn,sh,100
880426,880426,2,旅游景点,1170.9599609375,index_cn,sh,100
880430,880430,2,航空,1215.9300537109,index_cn,sh,100
880431,880431,2,船舶,539.1400146484,index_cn,sh,100
880432,880432,2,运输设备,1202.5,index_cn,sh,100
880437,880437,2,通用机械,845.6099853516,index_cn,sh,100
880438,880438,2,机床制造,477.5199890137,index_cn,sh,100
880439,880439,2,机械基件,922.8800048828,index_cn,sh,100
880440,880440,2,工业机械,1219.3000488281,index_cn,sh,100
880441,880441,2,化工机械,813.4799804688,index_cn,sh,100
880442,880442,2,轻工机械,653.1799926758,index_cn,sh,100
880443,880443,2,纺织机械,588.0,index_cn,sh,100
880444,880444,2,农用机械,696.8099975586,index_cn,sh,100
880445,880445,2,专用机械,1737.6500244141,index_cn,sh,100
880446,880446,2,电气设备,926.0599975586,index_cn,sh,100
880447,880447,2,工程机械,838.3300170898,index_cn,sh,100
880448,880448,2,电器仪表,2650.7600097656,index_cn,sh,100
880452,880452,2,电信运营,1175.1500244141,index_cn,sh,100
880453,880453,2,公共交通,638.9600219727,index_cn,sh,100
880454,880454,2,水务,998.9899902344,index_cn,sh,100
880455,880455,2,供气供热,706.9099731445,index_cn,sh,100
880456,880456,2,环境保护,1101.9599609375,index_cn,sh,100
880459,880459,2,运输服务,746.0900268555,index_cn,sh,100
880460,880460,2,铁路,1143.6600341797,index_cn,sh,100
880461,880461,2,水运,589.3900146484,index_cn,sh,100
880462,880462,2,空运,643.5300292969,index_cn,sh,100
880463,880463,2,公路,750.6500244141,index_cn,sh,100
880464,880464,2,仓储物流,1688.5,index_cn,sh,100
880465,880465,2,交通设施,1379.4300537109,index_cn,sh,100
880466,880466,2,路桥,1338.2700195312,index_cn,sh,100
880467,880467,2,机场,3340.3701171875,index_cn,sh,100
880468,880468,2,港口,1111.0,index_cn,sh,100
880471,880471,2,银行,1806.9899902344,index_cn,sh,100
880472,880472,2,证券,1289.0200195312,index_cn,sh,100
880473,880473,2,保险,1937.5500488281,index_cn,sh,100
880474,880474,2,多元金融,1189.3000488281,index_cn,sh,100
880476,880476,2,建筑,1083.8199462891,index_cn,sh,100
880477,880477,2,建筑工程,1115.2600097656,index_cn,sh,100
880478,880478,2,装修装饰,927.6900024414,index_cn,sh,100
880482,880482,2,房地产,1419.3000488281,index_cn,sh,100
880483,880483,2,全国地产,1812.8199462891,index_cn,sh,100
880484,880484,2,区域地产,1075.0600585938,index_cn,sh,100
880485,880485,2,园区开发,1239.9300537109,index_cn,sh,100
880486,880486,2,房产服务,1296.5,index_cn,sh,100
880489,880489,2,IT设备,1490.7900390625,index_cn,sh,100
880490,880490,2,通信设备,1602.9100341797,index_cn,sh,100
880491,880491,2,半导体,1730.1500244141,index_cn,sh,100
880492,880492,2,元器件,1917.3299560547,index_cn,sh,100
880493,880493,2,软件服务,2567.919921875,index_cn,sh,100
880494,880494,2,互联网,2608.2700195312,index_cn,sh,100
880497,880497,2,综合类,611.0900268555,index_cn,sh,100
880501,880501,2,含H股,1249.5899658203,index_cn,sh,100
880502,880502,2,含B股,1033.4499511719,index_cn,sh,100
880503,880503,2,皖江区域,1092.7399902344,index_cn,sh,100
880504,880504,2,长株潭,977.9199829102,index_cn,sh,100
880505,880505,2,稀缺资源,339.5299987793,index_cn,sh,100
880506,880506,2,5G概念,1707.8499755859,index_cn,sh,100
880507,880507,2,国防军工,1125.9399414062,index_cn,sh,100
880511,880511,2,承诺注资,834.3499755859,index_cn,sh,100
880513,880513,2,海峡西岸,1155.8900146484,index_cn,sh,100
880515,880515,2,通达信88,1988.1500244141,index_cn,sh,100
880516,880516,2,ST板块,755.5200195312,index_cn,sh,100
880519,880519,2,低碳经济,785.700012207,index_cn,sh,100
880520,880520,2,智能电网,1203.8599853516,index_cn,sh,100
880521,880521,2,黄金概念,578.299987793,index_cn,sh,100
880522,880522,2,成渝特区,1400.9100341797,index_cn,sh,100
880523,880523,2,黄河三角,1128.3399658203,index_cn,sh,100
880524,880524,2,含可转债,1261.6500244141,index_cn,sh,100
880525,880525,2,铁路基建,1098.4300537109,index_cn,sh,100
880526,880526,2,长三角,1289.8599853516,index_cn,sh,100
880527,880527,2,泛珠三角,3027.1599121094,index_cn,sh,100
880528,880528,2,环渤海,1144.0200195312,index_cn,sh,100
880529,880529,2,次新股,2528.7900390625,index_cn,sh,100
880530,880530,2,三网融合,985.1900024414,index_cn,sh,100
880531,880531,2,武汉规划,1057.5,index_cn,sh,100
880532,880532,2,整体上市,1258.5600585938,index_cn,sh,100
880533,880533,2,物联网,1289.5300292969,index_cn,sh,100
880534,880534,2,锂电池,1121.0699462891,index_cn,sh,100
880535,880535,2,稀土永磁,429.5799865723,index_cn,sh,100
880536,880536,2,多晶硅,1031.6099853516,index_cn,sh,100
880537,880537,2,核电核能,655.1699829102,index_cn,sh,100
880538,880538,2,参股金融,1163.3699951172,index_cn,sh,100
880539,880539,2,股权激励,2032.5999755859,index_cn,sh,100
880540,880540,2,创投概念,1263.4200439453,index_cn,sh,100
880542,880542,2,水利建设,951.7800292969,index_cn,sh,100
880543,880543,2,外资背景,2020.4000244141,index_cn,sh,100
880544,880544,2,光伏概念,1515.2299804688,index_cn,sh,100
880545,880545,2,云计算,2462.669921875,index_cn,sh,100
880546,880546,2,卫星导航,1821.4699707031,index_cn,sh,100
880547,880547,2,电子支付,1917.0899658203,index_cn,sh,100
880549,880549,2,可燃冰,879.799987793,index_cn,sh,100
880550,880550,2,保障房,2321.2900390625,index_cn,sh,100
880551,880551,2,涉矿概念,1122.1300048828,index_cn,sh,100
880552,880552,2,金融改革,1328.5799560547,index_cn,sh,100
880553,880553,2,页岩气,968.6099853516,index_cn,sh,100
880554,880554,2,东亚自贸,1386.1800537109,index_cn,sh,100
880556,880556,2,IP变现,1123.9799804688,index_cn,sh,100
880557,880557,2,生物疫苗,3304.8200683594,index_cn,sh,100
880558,880558,2,节能,1421.6600341797,index_cn,sh,100
880559,880559,2,要约收购,1209.1400146484,index_cn,sh,100
880560,880560,2,高端装备,1120.6700439453,index_cn,sh,100
880562,880562,2,高校背景,1928.8299560547,index_cn,sh,100
880563,880563,2,食品安全,2335.6999511719,index_cn,sh,100
880564,880564,2,奢侈品,5533.7299804688,index_cn,sh,100
880565,880565,2,送转潜力,6128.7099609375,index_cn,sh,100
880567,880567,2,海南自贸,1634.3499755859,index_cn,sh,100
880568,880568,2,生物质能,1114.6099853516,index_cn,sh,100
880569,880569,2,3D打印,2010.4899902344,index_cn,sh,100
880570,880570,2,海水淡化,1210.6300048828,index_cn,sh,100
880571,880571,2,碳纤维,1258.3699951172,index_cn,sh,100
880572,880572,2,新零售,1114.2600097656,index_cn,sh,100
880573,880573,2,摘帽,1594.3299560547,index_cn,sh,100
880574,880574,2,苹果概念,2425.1499023438,index_cn,sh,100
880575,880575,2,地热能,1173.4100341797,index_cn,sh,100
880576,880576,2,重组股,2064.419921875,index_cn,sh,100
880577,880577,2,安防服务,3286.6799316406,index_cn,sh,100
880578,880578,2,建筑节能,2368.1298828125,index_cn,sh,100
880579,880579,2,生态农业,1615.5899658203,index_cn,sh,100
880580,880580,2,智能交通,2816.75,index_cn,sh,100
880581,880581,2,空气治理,1476.5400390625,index_cn,sh,100
880582,880582,2,风能,1059.7700195312,index_cn,sh,100
880583,880583,2,充电桩,1714.1800537109,index_cn,sh,100
880584,880584,2,石墨烯,1083.9300537109,index_cn,sh,100
880585,880585,2,风沙治理,687.6400146484,index_cn,sh,100
880586,880586,2,土地流转,1148.3299560547,index_cn,sh,100
880587,880587,2,聚氨酯,1939.7900390625,index_cn,sh,100
880588,880588,2,绿色照明,1406.75,index_cn,sh,100
880589,880589,2,智能穿戴,1444.4200439453,index_cn,sh,100
880590,880590,2,网络游戏,1162.5899658203,index_cn,sh,100
880591,880591,2,上海自贸,1569.1600341797,index_cn,sh,100
880592,880592,2,互联金融,1811.6400146484,index_cn,sh,100
880593,880593,2,婴童概念,1600.4300537109,index_cn,sh,100
880594,880594,2,一带一路,1454.8100585938,index_cn,sh,100
880595,880595,2,民营银行,1860.5400390625,index_cn,sh,100
880596,880596,2,体育概念,1051.7600097656,index_cn,sh,100
880597,880597,2,养老概念,1138.1700439453,index_cn,sh,100
880598,880598,2,博彩概念,1097.1099853516,index_cn,sh,100
880599,880599,2,民营医院,1494.1400146484,index_cn,sh,100
880600,880600,2,油气改革,719.5200195312,index_cn,sh,100
880601,880601,2,种植业,1153.0,index_cn,sh,100
880602,880602,2,渔业,392.3999938965,index_cn,sh,100
880603,880603,2,林业,875.7299804688,index_cn,sh,100
880604,880604,2,饲料,3501.2600097656,index_cn,sh,100
880605,880605,2,农产加工,549.7700195312,index_cn,sh,100
880606,880606,2,农业综合,1035.5400390625,index_cn,sh,100
880607,880607,2,畜禽养殖,4360.6899414062,index_cn,sh,100
880608,880608,2,动物保健,3384.7399902344,index_cn,sh,100
880609,880609,2,石油开采,385.6799926758,index_cn,sh,100
880610,880610,2,煤炭开采,469.5899963379,index_cn,sh,100
880612,880612,2,采掘服务,652.9899902344,index_cn,sh,100
880613,880613,2,石油化工,864.5300292969,index_cn,sh,100
880614,880614,2,化学原料,854.6099853516,index_cn,sh,100
880615,880615,2,化学制品,883.049987793,index_cn,sh,100
880616,880616,2,化学纤维,1432.5200195312,index_cn,sh,100
880617,880617,2,塑料,1067.9499511719,index_cn,sh,100
880618,880618,2,橡胶,767.0100097656,index_cn,sh,100
880619,880619,2,化工新材,2052.3500976562,index_cn,sh,100
880620,880620,2,钢铁,635.1699829102,index_cn,sh,100
880621,880621,2,有色金属,474.2099914551,index_cn,sh,100
880622,880622,2,金属新材,879.799987793,index_cn,sh,100
880623,880623,2,建筑材料,1433.9000244141,index_cn,sh,100
880624,880624,2,建筑装饰,1153.7900390625,index_cn,sh,100
880625,880625,2,通用机械,747.0999755859,index_cn,sh,100
880626,880626,2,专用设备,852.2600097656,index_cn,sh,100
880627,880627,2,仪器仪表,2365.9399414062,index_cn,sh,100
880628,880628,2,电气设备,952.4600219727,index_cn,sh,100
880629,880629,2,金属制品,832.1699829102,index_cn,sh,100
880630,880630,2,半导体,1923.3800048828,index_cn,sh,100
880631,880631,2,元件,2101.4899902344,index_cn,sh,100
880632,880632,2,光学光电,1156.1600341797,index_cn,sh,100
880633,880633,2,其他电子,4241.669921875,index_cn,sh,100
880634,880634,2,电子制造,1005.8400268555,index_cn,sh,100
880635,880635,2,汽车整车,1206.2399902344,index_cn,sh,100
880636,880636,2,汽车部件,1281.8299560547,index_cn,sh,100
880637,880637,2,其它交运,941.1799926758,index_cn,sh,100
880638,880638,2,交运服务,690.4600219727,index_cn,sh,100
880639,880639,2,通信设备,1498.9499511719,index_cn,sh,100
880640,880640,2,电脑设备,1686.0400390625,index_cn,sh,100
880641,880641,2,白色家电,4117.6098632812,index_cn,sh,100
880642,880642,2,视听器材,1368.9399414062,index_cn,sh,100
880643,880643,2,食品加工,3350.2199707031,index_cn,sh,100
880644,880644,2,饮料制造,3513.3100585938,index_cn,sh,100
880645,880645,2,纺织制造,867.2199707031,index_cn,sh,100
880646,880646,2,服装家纺,869.5200195312,index_cn,sh,100
880647,880647,2,造纸,1088.0999755859,index_cn,sh,100
880648,880648,2,包装印刷,1364.9599609375,index_cn,sh,100
880649,880649,2,家用轻工,1775.8699951172,index_cn,sh,100
880650,880650,2,其他轻工,1736.6899414062,index_cn,sh,100
880651,880651,2,化学制药,2267.0300292969,index_cn,sh,100
880652,880652,2,中药,1271.9899902344,index_cn,sh,100
880653,880653,2,生物制品,3519.4799804688,index_cn,sh,100
880654,880654,2,医药商业,1661.7099609375,index_cn,sh,100
880655,880655,2,医疗器械,3187.580078125,index_cn,sh,100
880656,880656,2,医疗服务,5855.4702148438,index_cn,sh,100
880657,880657,2,电力,1148.0400390625,index_cn,sh,100
880658,880658,2,水务,991.4600219727,index_cn,sh,100
880659,880659,2,燃气,586.7100219727,index_cn,sh,100
880660,880660,2,环保工程,1050.3299560547,index_cn,sh,100
880661,880661,2,港口,1070.2299804688,index_cn,sh,100
880662,880662,2,高速公路,1233.7900390625,index_cn,sh,100
880663,880663,2,公交,713.9099731445,index_cn,sh,100
880664,880664,2,航空运输,718.7299804688,index_cn,sh,100
880665,880665,2,机场,3372.169921875,index_cn,sh,100
880666,880666,2,航运,597.9799804688,index_cn,sh,100
880667,880667,2,铁路运输,1092.9100341797,index_cn,sh,100
880668,880668,2,物流,1851.6800537109,index_cn,sh,100
880669,880669,2,房产开发,1391.8100585938,index_cn,sh,100
880670,880670,2,园区开发,1183.4799804688,index_cn,sh,100
880671,880671,2,银行,1807.2099609375,index_cn,sh,100
880672,880672,2,多元金融,1008.3200073242,index_cn,sh,100
880673,880673,2,证券,1236.5,index_cn,sh,100
880674,880674,2,保险,1926.1099853516,index_cn,sh,100
880675,880675,2,零售,716.9000244141,index_cn,sh,100
880676,880676,2,贸易,678.4099731445,index_cn,sh,100
880677,880677,2,景点,1391.1700439453,index_cn,sh,100
880678,880678,2,酒店,981.1099853516,index_cn,sh,100
880679,880679,2,旅游综合,2554.4099121094,index_cn,sh,100
880680,880680,2,餐饮,747.6300048828,index_cn,sh,100
880681,880681,2,通信运营,1081.2399902344,index_cn,sh,100
880682,880682,2,网络服务,2261.080078125,index_cn,sh,100
880683,880683,2,电脑应用,2984.6298828125,index_cn,sh,100
880684,880684,2,传媒,1110.7199707031,index_cn,sh,100
880685,880685,2,综合,696.4400024414,index_cn,sh,100
880701,880701,2,国资驰援,996.8499755859,index_cn,sh,100
880702,880702,2,壳资源,1385.8599853516,index_cn,sh,100
880704,880704,2,工业大麻,690.2600097656,index_cn,sh,100
880705,880705,2,氢能源,623.1599731445,index_cn,sh,100
880706,880706,2,分散染料,551.3200073242,index_cn,sh,100
880707,880707,2,透明工厂,855.5100097656,index_cn,sh,100
880708,880708,2,台资背景,1027.1300048828,index_cn,sh,100
880709,880709,2,人造肉,1348.6700439453,index_cn,sh,100
880710,880710,2,种业,1380.1899414062,index_cn,sh,100
880711,880711,2,操作系统,1091.2299804688,index_cn,sh,100
880713,880713,2,ETC概念,1009.3099975586,index_cn,sh,100
880714,880714,2,氟概念,936.5700073242,index_cn,sh,100
880715,880715,2,磷概念,806.3400268555,index_cn,sh,100
880716,880716,2,光刻机,1376.5899658203,index_cn,sh,100
880717,880717,2,C2M概念,938.0300292969,index_cn,sh,100
880718,880718,2,RCS概念,1035.8800048828,index_cn,sh,100
880770,880770,2,昨日上榜,1023.4899902344,index_cn,sh,100
880771,880771,2,MSCI中盘,1160.4599609375,index_cn,sh,100
880772,880772,2,最近闪拉,397.200012207,index_cn,sh,100
880773,880773,2,最近闪跌,177.4299926758,index_cn,sh,100
880774,880774,2,昨日首板,20210.060546875,index_cn,sh,100
880775,880775,2,罗素大盘,1018.9899902344,index_cn,sh,100
880776,880776,2,罗素中盘,1039.9499511719,index_cn,sh,100
880777,880777,2,罗素小盘,1093.25,index_cn,sh,100
880778,880778,2,次新预增,1000.8699951172,index_cn,sh,100
880779,880779,2,高融资盘,1060.7199707031,index_cn,sh,100
880780,880780,2,融资增加,772.6900024414,index_cn,sh,100
880781,880781,2,QFII新进,1020.3400268555,index_cn,sh,100
880782,880782,2,保险新进,1012.3200073242,index_cn,sh,100
880783,880783,2,社保新进,1099.6800537109,index_cn,sh,100
880784,880784,2,昨日较弱,589.2700195312,index_cn,sh,100
880785,880785,2,最近多板,1461.6400146484,index_cn,sh,100
880786,880786,2,海外业务,1245.6400146484,index_cn,sh,100
880787,880787,2,高商誉,1034.7399902344,index_cn,sh,100
880790,880790,2,高负债率,979.6900024414,index_cn,sh,100
880791,880791,2,网红经济,990.5999755859,index_cn,sh,100
880792,880792,2,基金增仓,1050.8900146484,index_cn,sh,100
880793,880793,2,基金减仓,1132.9699707031,index_cn,sh,100
880794,880794,2,远程办公,975.6500244141,index_cn,sh,100
880795,880795,2,口罩防护,942.3099975586,index_cn,sh,100
880796,880796,2,医废处理,944.1400146484,index_cn,sh,100
880797,880797,2,虫害防治,907.3699951172,index_cn,sh,100
880798,880798,2,超级电容,856.3900146484,index_cn,sh,100
880799,880799,2,数据中心,901.9799804688,index_cn,sh,100
880800,880800,2,氮化镓,800.7899780273,index_cn,sh,100
880801,880801,2,基金重仓,1754.8900146484,index_cn,sh,100
880802,880802,2,QFII重仓,2271.2800292969,index_cn,sh,100
880803,880803,2,券商重仓,1241.4100341797,index_cn,sh,100
880804,880804,2,信托重仓,1086.4200439453,index_cn,sh,100
880805,880805,2,保险重仓,1575.4799804688,index_cn,sh,100
880806,880806,2,社保重仓,1869.5200195312,index_cn,sh,100
880807,880807,2,股东增持,1288.2399902344,index_cn,sh,100
880808,880808,2,股东减持,5745.830078125,index_cn,sh,100
880809,880809,2,基金独门,1552.0300292969,index_cn,sh,100
880810,880810,2,陆股通买,1144.0899658203,index_cn,sh,100
880811,880811,2,陆股通卖,985.4000244141,index_cn,sh,100
880812,880812,2,昨日连板,26250.9296875,index_cn,sh,100
880813,880813,2,重组预案,821.4600219727,index_cn,sh,100
880814,880814,2,拟增持,1166.8000488281,index_cn,sh,100
880815,880815,2,拟减持,1386.3800048828,index_cn,sh,100
880816,880816,2,密集调研,1398.3599853516,index_cn,sh,100
880817,880817,2,商誉减值,690.6699829102,index_cn,sh,100
880821,880821,2,大盘股,1371.8499755859,index_cn,sh,100
880823,880823,2,小盘股,1015.200012207,index_cn,sh,100
880824,880824,2,高市盈率,486.3900146484,index_cn,sh,100
880826,880826,2,低市盈率,1532.9799804688,index_cn,sh,100
880827,880827,2,高市净率,1323.0999755859,index_cn,sh,100
880829,880829,2,低市净率,1483.5799560547,index_cn,sh,100
880833,880833,2,亏损股,372.9100036621,index_cn,sh,100
880834,880834,2,微利股,879.9000244141,index_cn,sh,100
880835,880835,2,绩优股,1847.8100585938,index_cn,sh,100
880836,880836,2,配股股,1209.0799560547,index_cn,sh,100
880837,880837,2,活跃股,638.5900268555,index_cn,sh,100
880842,880842,2,业绩预升,3114.0300292969,index_cn,sh,100
880843,880843,2,业绩预降,748.3599853516,index_cn,sh,100
880844,880844,2,预计扭亏,3576.5200195312,index_cn,sh,100
880845,880845,2,高股息股,2431.9699707031,index_cn,sh,100
880846,880846,2,破净资产,4406.5400390625,index_cn,sh,100
880847,880847,2,行业龙头,1930.4699707031,index_cn,sh,100
880848,880848,2,被举牌,1762.7900390625,index_cn,sh,100
880849,880849,2,股份回购,1748.0100097656,index_cn,sh,100
880850,880850,2,定增预案,1263.2399902344,index_cn,sh,100
880851,880851,2,已高送转,688.5,index_cn,sh,100
880852,880852,2,参股新股,1870.1199951172,index_cn,sh,100
880853,880853,2,中字头,650.9699707031,index_cn,sh,100
880854,880854,2,预高送转,7077.7900390625,index_cn,sh,100
880856,880856,2,定增股,886.4199829102,index_cn,sh,100
880857,880857,2,证金持股,898.4600219727,index_cn,sh,100
880858,880858,2,国开持股,734.5599975586,index_cn,sh,100
880859,880859,2,员工持股,1206.1099853516,index_cn,sh,100
880860,880860,2,扣非亏损,615.6300048828,index_cn,sh,100
880861,880861,2,连续亏损,253.4100036621,index_cn,sh,100
880863,880863,2,昨日涨停,10367.3095703125,index_cn,sh,100
880864,880864,2,昨日振荡,675.9799804688,index_cn,sh,100
880865,880865,2,近期新高,956.0200195312,index_cn,sh,100
880866,880866,2,近期新低,789.6500244141,index_cn,sh,100
880867,880867,2,昨高换手,603.6099853516,index_cn,sh,100
880868,880868,2,高贝塔值,915.8800048828,index_cn,sh,100
880869,880869,2,股权转让,693.4400024414,index_cn,sh,100
880870,880870,2,两年新股,848.6799926758,index_cn,sh,100
880871,880871,2,股权分散,779.5300292969,index_cn,sh,100
880872,880872,2,最近复牌,963.8599853516,index_cn,sh,100
880873,880873,2,个人持股,509.6700134277,index_cn,sh,100
880874,880874,2,昨曾涨停,545.8300170898,index_cn,sh,100
880875,880875,2,中小银行,852.4099731445,index_cn,sh,100
880876,880876,2,户数增加,721.9000244141,index_cn,sh,100
880877,880877,2,户数减少,1293.0999755859,index_cn,sh,100
880878,880878,2,百元股,989.9799804688,index_cn,sh,100
880879,880879,2,低价股,715.8900146484,index_cn,sh,100
880880,880880,2,近期强势,507.5299987793,index_cn,sh,100
880881,880881,2,近期弱势,512.549987793,index_cn,sh,100
880882,880882,2,久不分红,546.3900146484,index_cn,sh,100
880883,880883,2,MSCI成份,1136.0,index_cn,sh,100
880884,880884,2,最近异动,796.5200195312,index_cn,sh,100
880885,880885,2,次新开板,679.3400268555,index_cn,sh,100
880886,880886,2,昨日较强,137.75,index_cn,sh,100
880887,880887,2,次新超跌,588.5800170898,index_cn,sh,100
880889,880889,2,不活跃股,1357.7399902344,index_cn,sh,100
880890,880890,2,配股预案,896.3300170898,index_cn,sh,100
880891,880891,2,破发行价,979.1400146484,index_cn,sh,100
880892,880892,2,高质押股,561.5399780273,index_cn,sh,100
880893,880893,2,送转超跌,831.2399902344,index_cn,sh,100
880894,880894,2,养老金,1170.0899658203,index_cn,sh,100
880895,880895,2,持续增长,1120.2700195312,index_cn,sh,100
880896,880896,2,风险提示,577.0300292969,index_cn,sh,100
880897,880897,2,近期解禁,871.3699951172,index_cn,sh,100
880901,880901,2,信息安全,2279.9099121094,index_cn,sh,100
880902,880902,2,特斯拉,1689.0200195312,index_cn,sh,100
880903,880903,2,水产品,639.299987793,index_cn,sh,100
880904,880904,2,智能机器,2027.9899902344,index_cn,sh,100
880905,880905,2,超导概念,1162.6400146484,index_cn,sh,100
880906,880906,2,智能家居,1709.75,index_cn,sh,100
880908,880908,2,在线教育,897.0399780273,index_cn,sh,100
880909,880909,2,燃料电池,1001.549987793,index_cn,sh,100
880910,880910,2,草甘膦,1175.5,index_cn,sh,100
880911,880911,2,雄安新区,1266.3399658203,index_cn,sh,100
880912,880912,2,电商概念,1450.7199707031,index_cn,sh,100
880913,880913,2,基因概念,2303.4099121094,index_cn,sh,100
880916,880916,2,国产软件,1899.5799560547,index_cn,sh,100
880917,880917,2,央企改革,1360.5699462891,index_cn,sh,100
880919,880919,2,粤港澳,1295.1500244141,index_cn,sh,100
880920,880920,2,免疫治疗,1212.9100341797,index_cn,sh,100
880921,880921,2,阿里概念,936.5,index_cn,sh,100
880922,880922,2,钛金属,820.8499755859,index_cn,sh,100
880923,880923,2,赛马概念,652.7199707031,index_cn,sh,100
880925,880925,2,特钢,955.3699951172,index_cn,sh,100
880926,880926,2,垃圾分类,821.3499755859,index_cn,sh,100
880927,880927,2,抗癌,1798.4300537109,index_cn,sh,100
880928,880928,2,抗流感,1559.1500244141,index_cn,sh,100
880929,880929,2,维生素,1446.6899414062,index_cn,sh,100
880930,880930,2,汽车电子,1338.8000488281,index_cn,sh,100
880931,880931,2,装饰园林,788.4099731445,index_cn,sh,100
880932,880932,2,农村金融,937.8499755859,index_cn,sh,100
880933,880933,2,智能医疗,1298.9599609375,index_cn,sh,100
880935,880935,2,智能电视,697.1599731445,index_cn,sh,100
880936,880936,2,猪肉,2580.6799316406,index_cn,sh,100
880937,880937,2,网贷概念,1135.7199707031,index_cn,sh,100
880938,880938,2,污水处理,758.7299804688,index_cn,sh,100
880939,880939,2,无人机,468.8800048828,index_cn,sh,100
880940,880940,2,PPP模式,424.1600036621,index_cn,sh,100
880941,880941,2,跨境电商,605.450012207,index_cn,sh,100
880942,880942,2,虚拟现实,686.6699829102,index_cn,sh,100
880943,880943,2,量子通信,883.0399780273,index_cn,sh,100
880944,880944,2,无人驾驶,903.6599731445,index_cn,sh,100
880945,880945,2,OLED概念,1029.8000488281,index_cn,sh,100
880946,880946,2,区块链,778.3499755859,index_cn,sh,100
880947,880947,2,债转股,572.7600097656,index_cn,sh,100
880948,880948,2,人工智能,1097.9100341797,index_cn,sh,100
880949,880949,2,智慧城市,748.3699951172,index_cn,sh,100
880950,880950,2,军民融合,811.0700073242,index_cn,sh,100
880951,880951,2,新能源车,734.0700073242,index_cn,sh,100
880952,880952,2,芯片,1180.6400146484,index_cn,sh,100
880953,880953,2,租购同权,560.6099853516,index_cn,sh,100
880954,880954,2,大数据,1087.4399414062,index_cn,sh,100
880955,880955,2,乡村振兴,925.0200195312,index_cn,sh,100
880956,880956,2,腾讯概念,894.6900024414,index_cn,sh,100
880957,880957,2,工业互联,1226.9000244141,index_cn,sh,100
880959,880959,2,知识产权,752.4799804688,index_cn,sh,100
880960,880960,2,仿制药,1098.3699951172,index_cn,sh,100
880961,880961,2,小米概念,1099.6300048828,index_cn,sh,100
880962,880962,2,百度概念,848.8900146484,index_cn,sh,100
880963,880963,2,华为概念,1761.2900390625,index_cn,sh,100
880964,880964,2,特高压,1161.1199951172,index_cn,sh,100
880965,880965,2,超清视频,1192.0500488281,index_cn,sh,100
880966,880966,2,消费电子,1167.3900146484,index_cn,sh,100
880967,880967,2,数字货币,1011.7199707031,index_cn,sh,100
880968,880968,2,胎压监测,929.1699829102,index_cn,sh,100
880969,880969,2,无线耳机,1126.3800048828,index_cn,sh,100
880970,880970,2,分拆预期,1054.6800537109,index_cn,sh,100
880981,880981,2,TDX 能源,848.9400024414,index_cn,sh,100
880982,880982,2,TDX 材料,1341.5100097656,index_cn,sh,100
880983,880983,2,TDX 消费,3256.3000488281,index_cn,sh,100
880984,880984,2,TDX 可选,2309.0500488281,index_cn,sh,100
880985,880985,2,TDX 商贸,1393.0500488281,index_cn,sh,100
880986,880986,2,TDX 服务,1487.0200195312,index_cn,sh,100
880987,880987,2,TDX 制造,1610.0699462891,index_cn,sh,100
880988,880988,2,TDX 公用,1126.6700439453,index_cn,sh,100
880989,880989,2,TDX 交运,1551.8900146484,index_cn,sh,100
880990,880990,2,TDX 金融,1811.1099853516,index_cn,sh,100
880991,880991,2,TDX 建设,1584.3399658203,index_cn,sh,100
880992,880992,2,TDX 信息,2878.919921875,index_cn,sh,100
880993,880993,2,TDX 综企,877.7199707031,index_cn,sh,100
399277,399277,2,公共健康,3153.1003417969,index_cn,sz,100
399278,399278,2,长江100,1730.4765625,index_cn,sz,100
399279,399279,2,云科技50,3338.7338867188,index_cn,sz,100
399280,399280,2,生物50,3719.75390625,index_cn,sz,100
399281,399281,2,电子50,3089.2626953125,index_cn,sz,100
880098,880098,2,可转债,127.0800018311,index_cn,sh,100
880099,880099,2,逆回购,132.8600006104,index_cn,sh,100
880719,880719,2,地摊经济,1000.0,index_cn,sh,100
880720,880720,2,字节跳动,991.3800048828,index_cn,sh,100
000688,000688,2,科创50,5.877471754e-39,index_cn,sh,100
880041,880041,2,科创总值,278.9100036621,index_cn,sh,100
880042,880042,2,科创流通,65.9400024414,index_cn,sh,100
880043,880043,2,科创平均,88.5699996948,index_cn,sh,100
880044,880044,2,科创均价,544.4800033569,index_cn,sh,100
880045,880045,2,科创涨跌,70.0,index_cn,sh,100
880046,880046,2,科创停板,573440.0078637693,index_cn,sh,100
880047,880047,2,科创活筹,516.0499992371,index_cn,sh,100
395006,395006,2,创业板DR,5.877471754e-39,index_cn,sz,100
880769,880769,2,股权集中,1000.0,index_cn,sh,100
880788,880788,2,深注册制,1000.0,index_cn,sh,100
399275,399275,2,创医药,6329.6811523438,index_cn,sz,100
399276,399276,2,创科技,5799.9560546875,index_cn,sz,100
