time,open,high,low,close,volume
2024/09/09-01:10,6923,6944,6921,6941,19473
2024/09/09-01:15,6941,6944,6930,6936,11163
2024/09/09-01:20,6936,6945,6933,6933,9126
2024/09/09-01:25,6933,6964,6933,6962,17501
2024/09/09-01:30,6960,6971,6954,6960,19615
2024/09/09-01:35,6961,6966,6951,6954,11962
2024/09/09-01:40,6952,6953,6937,6941,15151
2024/09/09-01:45,6941,6946,6933,6942,9062
2024/09/09-01:50,6942,6959,6936,6956,9820
2024/09/09-01:55,6955,6959,6952,6955,6684
2024/09/09-02:00,6955,6984,6953,6974,19075
2024/09/09-02:05,6973,6979,6964,6971,11826
2024/09/09-02:10,6971,6991,6969,6979,12426
2024/09/09-02:15,6979,6992,6976,6986,9928
2024/09/09-02:20,6986,6998,6980,6981,10733
2024/09/09-02:25,6981,6982,6970,6980,9000
2024/09/09-02:30,6980,6985,6977,6981,11677
2024/09/09-09:05,6981,6982,6923,6972,44505
2024/09/09-09:10,6972,6991,6969,6985,14174
2024/09/09-09:15,6985,6988,6973,6981,8927
2024/09/09-09:20,6982,6989,6971,6988,9451
2024/09/09-09:25,6988,6989,6961,6962,10447
2024/09/09-09:30,6963,6975,6955,6974,9171
2024/09/09-09:35,6973,6982,6955,6962,8622
2024/09/09-09:40,6962,6965,6954,6957,7272
2024/09/09-09:45,6957,6974,6953,6971,7458
2024/09/09-09:50,6971,6974,6963,6972,4630
2024/09/09-09:55,6972,6980,6968,6970,5236
2024/09/09-10:00,6971,6982,6969,6981,5481
2024/09/09-10:05,6981,6991,6975,6989,8765
2024/09/09-10:10,6990,6990,6980,6987,4326
2024/09/09-10:15,6987,6999,6987,6997,7576
2024/09/09-10:35,6993,6996,6985,6993,6598
2024/09/09-10:40,6993,6997,6989,6995,4030
2024/09/09-10:45,6994,7013,6989,7013,11875
2024/09/09-10:50,7012,7019,6996,6997,10726
2024/09/09-10:55,6996,6998,6988,6993,6036
2024/09/09-11:00,6994,6995,6985,6985,4872
2024/09/09-11:05,6985,6988,6980,6983,5173
2024/09/09-11:10,6983,6988,6980,6986,3963
2024/09/09-11:15,6986,7004,6985,7003,5416
2024/09/09-11:20,7003,7008,6997,7000,4867
2024/09/09-11:25,7000,7001,6993,6994,3430
2024/09/09-11:30,6995,6995,6985,6985,4103
2024/09/09-13:35,6972,6973,6953,6955,20947
2024/09/09-13:40,6954,6960,6945,6946,13310
2024/09/09-13:45,6947,6948,6906,6908,30110
2024/09/09-13:50,6907,6913,6892,6904,33028
2024/09/09-13:55,6904,6905,6886,6898,21168
2024/09/09-14:00,6898,6902,6886,6902,14263
2024/09/09-14:05,6902,6924,6896,6922,20008
2024/09/09-14:10,6922,6929,6907,6918,16007
2024/09/09-14:15,6919,6936,6915,6929,11128
2024/09/09-14:20,6930,6933,6923,6933,7086
2024/09/09-14:25,6932,6944,6927,6929,12471
2024/09/09-14:30,6928,6938,6925,6930,7938
2024/09/09-14:35,6929,6947,6918,6945,14558
2024/09/09-14:40,6945,6976,6941,6975,21772
2024/09/09-14:45,6978,6984,6966,6972,15320
2024/09/09-14:50,6973,6979,6957,6979,10375
2024/09/09-14:55,6979,6982,6967,6977,9794
2024/09/09-15:00,6976,6982,6974,6977,11334
2024/09/10-21:05,7006,7015,6983,6999,40610
2024/09/10-21:10,6998,7015,6992,7015,16907
2024/09/10-21:15,7014,7023,7003,7013,16770
2024/09/10-21:20,7013,7020,7000,7000,13392
2024/09/10-21:25,7001,7004,6988,6991,13751
2024/09/10-21:30,6990,7004,6987,7003,9875
2024/09/10-21:35,7003,7010,6989,6999,14666
2024/09/10-21:40,6999,7008,6998,7002,6469
2024/09/10-21:45,7003,7005,6984,6987,13460
2024/09/10-21:50,6988,7000,6981,6983,12710
2024/09/10-21:55,6983,6985,6970,6971,19886
2024/09/10-22:00,6970,6984,6969,6982,11431
2024/09/10-22:05,6982,6996,6982,6992,13975
2024/09/10-22:10,6992,6995,6983,6987,9646
2024/09/10-22:15,6986,6999,6975,6997,12299
2024/09/10-22:20,6997,7037,6994,7004,45067
2024/09/10-22:25,7004,7010,6985,7004,22579
2024/09/10-22:30,7006,7025,7005,7012,16814
2024/09/10-22:35,7013,7015,6998,6999,13199
2024/09/10-22:40,6999,7003,6988,6994,11216
2024/09/10-22:45,6993,6995,6976,6978,12807
2024/09/10-22:50,6979,6992,6973,6988,18065
2024/09/10-22:55,6989,6994,6981,6991,9678
2024/09/10-23:00,6991,6995,6984,6985,8299
2024/09/10-23:05,6985,6994,6974,6978,17404
2024/09/10-23:10,6978,6986,6963,6982,21031
2024/09/10-23:15,6983,6986,6967,6968,11500
2024/09/10-23:20,6967,6967,6951,6956,26069
2024/09/10-23:25,6956,6974,6956,6973,14853
2024/09/10-23:30,6974,6980,6969,6973,10194
2024/09/10-23:35,6972,6989,6972,6987,13930
2024/09/10-23:40,6986,6988,6978,6984,8419
2024/09/10-23:45,6984,6999,6981,6993,13480
2024/09/10-23:50,6992,7004,6992,6997,12427
2024/09/10-23:55,6997,7001,6993,6998,6178
2024/09/10-00:00,6998,7002,6994,6997,5991
2024/09/10-00:05,6996,7008,6996,7003,10622
2024/09/10-00:10,7002,7006,6996,7006,6585
2024/09/10-00:15,7006,7006,6997,7004,5089
2024/09/10-00:20,7004,7014,7004,7012,10457
2024/09/10-00:25,7011,7012,6997,6998,11127
2024/09/10-00:30,6997,7002,6994,6997,5148
2024/09/10-00:35,6997,7002,6996,6999,3479
2024/09/10-00:40,7000,7006,6999,7003,4942
2024/09/10-00:45,7003,7014,7002,7004,6205
2024/09/10-00:50,7005,7008,7001,7004,4058
2024/09/10-00:55,7003,7014,7000,7010,5587
2024/09/10-01:00,7010,7024,7010,7020,11355
2024/09/10-01:05,7019,7032,7017,7019,14229
2024/09/10-01:10,7018,7022,7014,7015,4867
2024/09/10-01:15,7014,7020,7013,7015,3142
2024/09/10-01:20,7014,7017,7005,7015,7739
2024/09/10-01:25,7015,7025,7015,7022,6738
2024/09/10-01:30,7022,7035,7022,7029,9403
2024/09/10-01:35,7030,7031,7018,7022,5300
2024/09/10-01:40,7023,7031,7022,7025,3776
2024/09/10-01:45,7025,7028,7018,7020,2903
2024/09/10-01:50,7020,7023,7016,7019,2881
2024/09/10-01:55,7019,7022,7012,7015,4857
2024/09/10-02:00,7014,7015,7008,7014,3464
2024/09/10-02:05,7015,7017,7010,7013,3231
2024/09/10-02:10,7014,7016,7011,7013,1363
2024/09/10-02:15,7013,7023,7013,7023,3220
2024/09/10-02:20,7023,7025,7018,7022,2800
2024/09/10-02:25,7023,7024,7018,7021,2173
2024/09/10-02:30,7022,7023,7017,7019,4181
2024/09/10-09:05,7025,7031,7013,7030,17378
2024/09/10-09:10,7030,7062,7022,7055,29791
2024/09/10-09:15,7054,7056,7034,7038,15978
2024/09/10-09:20,7038,7048,7030,7030,8983
2024/09/10-09:25,7031,7044,7026,7043,8215
2024/09/10-09:30,7043,7055,7041,7043,10216
2024/09/10-09:35,7042,7044,7023,7028,10705
2024/09/10-09:40,7029,7037,7021,7037,9556
2024/09/10-09:45,7037,7039,7030,7034,4512
2024/09/10-09:50,7035,7036,7026,7027,4525
2024/09/10-09:55,7027,7033,7024,7028,3479
2024/09/10-10:00,7029,7030,7021,7026,5075
2024/09/10-10:05,7027,7027,7014,7018,8148
2024/09/10-10:10,7019,7024,7015,7018,5413
2024/09/10-10:15,7018,7023,7017,7021,3193
2024/09/10-10:35,7018,7027,7016,7026,6238
2024/09/10-10:40,7025,7031,7020,7026,4702
2024/09/10-10:45,7026,7034,7019,7033,4592
2024/09/10-10:50,7033,7035,7026,7029,3996
2024/09/10-10:55,7029,7031,7016,7018,4805
2024/09/10-11:00,7018,7028,7018,7022,2865
2024/09/10-11:05,7021,7035,7019,7035,3848
2024/09/10-11:10,7034,7035,7027,7029,3292
2024/09/10-11:15,7030,7034,7027,7031,3056
2024/09/10-11:20,7032,7041,7031,7037,5788
2024/09/10-11:25,7037,7037,7024,7025,5504
2024/09/10-11:30,7026,7026,7011,7016,9071
2024/09/10-13:35,7018,7018,7001,7008,12261
2024/09/10-13:40,7008,7009,6987,7002,20874
2024/09/10-13:45,7001,7015,6999,7011,9678
2024/09/10-13:50,7009,7020,7008,7018,7023
2024/09/10-13:55,7018,7024,7011,7014,7810
2024/09/10-14:00,7015,7024,7014,7017,5294
2024/09/10-14:05,7016,7033,7015,7033,7893
2024/09/10-14:10,7033,7035,7024,7034,9656
2024/09/10-14:15,7034,7053,7032,7049,16073
2024/09/10-14:20,7049,7051,7035,7037,12123
2024/09/10-14:25,7036,7047,7032,7040,8757
2024/09/10-14:30,7040,7044,7035,7044,5232
2024/09/10-14:35,7043,7047,7038,7041,4873
2024/09/10-14:40,7040,7049,7036,7038,6114
2024/09/10-14:45,7037,7042,7036,7039,3242
2024/09/10-14:50,7040,7040,7030,7036,7183
2024/09/10-14:55,7035,7048,7035,7046,6838
2024/09/10-15:00,7047,7057,7047,7055,14405
2024/09/11-21:05,7075,7081,7046,7049,31775
2024/09/11-21:10,7049,7056,7036,7038,17612
2024/09/11-21:15,7038,7043,7024,7033,16610
2024/09/11-21:20,7032,7036,7016,7030,16851
2024/09/11-21:25,7031,7034,7019,7027,9962
2024/09/11-21:30,7027,7037,7023,7031,10231
2024/09/11-21:35,7032,7034,7007,7012,23149
2024/09/11-21:40,7013,7020,7004,7007,14113
2024/09/11-21:45,7006,7015,7003,7015,11766
2024/09/11-21:50,7016,7017,6999,7007,13468
2024/09/11-21:55,7006,7006,6988,7004,22161
2024/09/11-22:00,7004,7007,6989,6990,12783
2024/09/11-22:05,6990,6990,6968,6985,28663
2024/09/11-22:10,6985,6985,6969,6977,15368
2024/09/11-22:15,6978,6983,6943,6948,31007
2024/09/11-22:20,6948,6969,6945,6949,25898
2024/09/11-22:25,6949,6964,6949,6962,14174
2024/09/11-22:30,6962,6968,6953,6955,13111
2024/09/11-22:35,6955,6979,6946,6974,23332
2024/09/11-22:40,6974,7004,6973,7001,28461
2024/09/11-22:45,7003,7004,6983,6990,19316
2024/09/11-22:50,6991,7011,6987,7010,19832
2024/09/11-22:55,7010,7020,7004,7011,20595
2024/09/11-23:00,7011,7016,7000,7016,17091
2024/09/11-23:05,7016,7016,6987,6995,25386
2024/09/11-23:10,6996,7009,6987,6999,16504
2024/09/11-23:15,6999,7006,6991,6995,11060
2024/09/11-23:20,6996,7002,6990,6999,9440
2024/09/11-23:25,6999,7002,6990,7001,8110
2024/09/11-23:30,7001,7013,7000,7008,14906
2024/09/11-23:35,7006,7015,7006,7009,9219
2024/09/11-23:40,7009,7029,7002,7003,22374
2024/09/11-23:45,7003,7008,7000,7007,10222
2024/09/11-23:50,7007,7012,7005,7011,6474
2024/09/11-23:55,7011,7011,6991,6996,15314
2024/09/11-00:00,6996,6996,6985,6986,13413
2024/09/11-00:05,6988,6988,6975,6980,14934
2024/09/11-00:10,6979,6987,6975,6984,11389
2024/09/11-00:15,6984,6993,6983,6989,8500
2024/09/11-00:20,6989,6998,6989,6994,5731
2024/09/11-00:25,6995,6997,6988,6992,6245
2024/09/11-00:30,6991,7004,6990,7000,8691
2024/09/11-00:35,7000,7003,6997,6999,4357
2024/09/11-00:40,6999,7007,6995,6997,6294
2024/09/11-00:45,6997,6999,6993,6997,3728
2024/09/11-00:50,6996,7006,6996,6996,4650
2024/09/11-00:55,6996,7005,6993,7001,4974
2024/09/11-01:00,7001,7002,6997,6997,2324
2024/09/11-01:05,6997,7002,6990,7001,7878
2024/09/11-01:10,7001,7005,6998,7000,3734
2024/09/11-01:15,6999,7002,6996,7000,2383
2024/09/11-01:20,7000,7005,7000,7004,2994
2024/09/11-01:25,7004,7012,7001,7002,5947
2024/09/11-01:30,7002,7004,6998,6999,3018
2024/09/11-01:35,6998,6999,6994,6997,3257
2024/09/11-01:40,6997,7005,6996,7000,2841
2024/09/11-01:45,6999,7003,6999,7002,1222
2024/09/11-01:50,7001,7005,7001,7002,1242
2024/09/11-01:55,7003,7005,7002,7005,1366
2024/09/11-02:00,7005,7007,7000,7001,2185
2024/09/11-02:05,7001,7001,6997,7001,2154
2024/09/11-02:10,7001,7004,6999,7003,1306
2024/09/11-02:15,7002,7005,6999,7004,1719
2024/09/11-02:20,7005,7006,7003,7005,1438
2024/09/11-02:25,7005,7008,7001,7004,2026
2024/09/11-02:30,7005,7010,7003,7010,3609
2024/09/11-09:05,7008,7015,6997,7003,20569
2024/09/11-09:10,7005,7025,7004,7024,15080
2024/09/11-09:15,7025,7035,7017,7032,14913
2024/09/11-09:20,7032,7033,7022,7024,10043
2024/09/11-09:25,7024,7028,7013,7027,7947
2024/09/11-09:30,7027,7030,7022,7029,5310
2024/09/11-09:35,7028,7041,7024,7028,12417
2024/09/11-09:40,7028,7038,7025,7038,6936
2024/09/11-09:45,7039,7049,7037,7044,12846
2024/09/11-09:50,7044,7060,7041,7055,16860
2024/09/11-09:55,7054,7055,7036,7038,13379
2024/09/11-10:00,7038,7038,7026,7032,9552
2024/09/11-10:05,7033,7039,7029,7035,7135
2024/09/11-10:10,7034,7045,7034,7045,4965
2024/09/11-10:15,7044,7045,7030,7035,5115
2024/09/11-10:35,7039,7050,7039,7047,8168
2024/09/11-10:40,7047,7051,7041,7045,4868
2024/09/11-10:45,7045,7046,7040,7042,2698
2024/09/11-10:50,7042,7048,7038,7048,3717
2024/09/11-10:55,7048,7053,7040,7042,5300
2024/09/11-11:00,7042,7042,7033,7034,4775
2024/09/11-11:05,7035,7038,7027,7032,6911
2024/09/11-11:10,7031,7033,7025,7028,5473
2024/09/11-11:15,7028,7036,7026,7034,3912
2024/09/11-11:20,7034,7037,7028,7031,2833
2024/09/11-11:25,7031,7033,7025,7029,3053
2024/09/11-11:30,7030,7045,7029,7045,5671
2024/09/11-13:35,7048,7063,7048,7055,19666
2024/09/11-13:40,7055,7068,7051,7063,12698
2024/09/11-13:45,7063,7066,7054,7063,8079
2024/09/11-13:50,7063,7075,7063,7070,12822
2024/09/11-13:55,7070,7071,7061,7064,6722
2024/09/11-14:00,7065,7077,7065,7074,7936
2024/09/11-14:05,7074,7080,7069,7071,11477
2024/09/11-14:10,7071,7090,7069,7083,14455
2024/09/11-14:15,7083,7119,7083,7110,30314
2024/09/11-14:20,7111,7124,7106,7118,21144
2024/09/11-14:25,7117,7128,7114,7119,13812
2024/09/11-14:30,7120,7138,7120,7127,19271
2024/09/11-14:35,7126,7147,7121,7143,17842
2024/09/11-14:40,7144,7173,7141,7165,28205
2024/09/11-14:45,7165,7172,7151,7157,16131
2024/09/11-14:50,7158,7176,7157,7167,15503
2024/09/11-14:55,7166,7177,7163,7168,12012
2024/09/11-15:00,7167,7179,7166,7177,17718
2024/09/12-21:05,7109,7122,7074,7087,66817
2024/09/12-21:10,7086,7105,7085,7088,25379
2024/09/12-21:15,7087,7099,7084,7097,14101
2024/09/12-21:20,7098,7126,7088,7124,26956
2024/09/12-21:25,7123,7152,7123,7144,31525
2024/09/12-21:30,7145,7145,7105,7108,29157
2024/09/12-21:35,7107,7107,7084,7094,29354
2024/09/12-21:40,7093,7101,7082,7084,19216
2024/09/12-21:45,7084,7093,7077,7086,17574
2024/09/12-21:50,7085,7097,7085,7090,13940
2024/09/12-21:55,7089,7100,7066,7094,30385
2024/09/12-22:00,7094,7106,7092,7103,16050
2024/09/12-22:05,7103,7105,7063,7065,28822
2024/09/12-22:10,7066,7067,7045,7052,40020
2024/09/12-22:15,7053,7056,7036,7039,27521
2024/09/12-22:20,7039,7056,7038,7049,20801
2024/09/12-22:25,7050,7058,7039,7058,16894
2024/09/12-22:30,7058,7070,7049,7051,21432
2024/09/12-22:35,7050,7050,7025,7039,25476
2024/09/12-22:40,7039,7042,7031,7040,13616
2024/09/12-22:45,7039,7049,7034,7042,14413
2024/09/12-22:50,7042,7044,7030,7040,11152
2024/09/12-22:55,7041,7072,7041,7067,24148
2024/09/12-23:00,7067,7067,7056,7059,13984
2024/09/12-23:05,7059,7066,7054,7063,16357
2024/09/12-23:10,7063,7085,7061,7078,27153
2024/09/12-23:15,7079,7095,7073,7092,20902
2024/09/12-23:20,7092,7100,7088,7090,17871
2024/09/12-23:25,7090,7094,7082,7084,15559
2024/09/12-23:30,7084,7098,7082,7095,10708
2024/09/12-23:35,7096,7104,7092,7099,14174
2024/09/12-23:40,7099,7116,7093,7106,15247
2024/09/12-23:45,7106,7106,7088,7094,14967
2024/09/12-23:50,7094,7118,7088,7116,17055
2024/09/12-23:55,7116,7130,7111,7122,20902
2024/09/12-00:00,7121,7128,7116,7123,12374
2024/09/12-00:05,7123,7136,7119,7130,13547
2024/09/12-00:10,7130,7142,7125,7140,12029
2024/09/12-00:15,7140,7140,7124,7126,12310
2024/09/12-00:20,7127,7131,7119,7127,11026
2024/09/12-00:25,7126,7136,7126,7128,8273
2024/09/12-00:30,7128,7130,7121,7128,5653
2024/09/12-00:35,7127,7136,7122,7135,6943
2024/09/12-00:40,7135,7145,7133,7138,11355
2024/09/12-00:45,7138,7152,7138,7151,12119
2024/09/12-00:50,7151,7158,7142,7143,11434
2024/09/12-00:55,7143,7147,7134,7136,7366
2024/09/12-01:00,7136,7137,7123,7126,9974
2024/09/12-01:05,7126,7132,7120,7128,11022
2024/09/12-01:10,7128,7140,7128,7133,8553
2024/09/12-01:15,7133,7140,7129,7130,5179
2024/09/12-01:20,7130,7134,7127,7133,4246
2024/09/12-01:25,7134,7134,7122,7124,5383
2024/09/12-01:30,7125,7126,7115,7122,9151
2024/09/12-01:35,7122,7128,7118,7124,4193
2024/09/12-01:40,7124,7125,7116,7119,3452
2024/09/12-01:45,7119,7126,7118,7123,3166
2024/09/12-01:50,7123,7137,7123,7136,6646
2024/09/12-01:55,7136,7137,7129,7130,4063
2024/09/12-02:00,7131,7137,7129,7137,2503
2024/09/12-02:05,7136,7137,7129,7130,2389
2024/09/12-02:10,7129,7136,7129,7132,1675
2024/09/12-02:15,7132,7142,7132,7138,3592
2024/09/12-02:20,7138,7141,7132,7133,3021
2024/09/12-02:25,7133,7134,7129,7131,2174
2024/09/12-02:30,7130,7135,7128,7135,4339
2024/09/12-09:05,7141,7154,7132,7148,22845
2024/09/12-09:10,7147,7175,7147,7171,21414
2024/09/12-09:15,7171,7171,7157,7160,9500
2024/09/12-09:20,7159,7177,7154,7164,11770
2024/09/12-09:25,7164,7165,7148,7151,9357
2024/09/12-09:30,7150,7159,7142,7157,10223
2024/09/12-09:35,7157,7166,7151,7161,7609
2024/09/12-09:40,7161,7172,7160,7167,8347
2024/09/12-09:45,7166,7166,7155,7162,4882
2024/09/12-09:50,7161,7161,7150,7154,4906
2024/09/12-09:55,7153,7154,7139,7145,8788
2024/09/12-10:00,7145,7145,7127,7130,11868
2024/09/12-10:05,7128,7134,7125,7133,8400
2024/09/12-10:10,7133,7133,7122,7129,7655
2024/09/12-10:15,7130,7130,7113,7119,11091
2024/09/12-10:35,7121,7127,7118,7122,8774
2024/09/12-10:40,7121,7121,7105,7108,10495
2024/09/12-10:45,7108,7113,7102,7110,7473
2024/09/12-10:50,7110,7111,7092,7102,10973
2024/09/12-10:55,7101,7104,7095,7100,7074
2024/09/12-11:00,7101,7123,7100,7120,12375
2024/09/12-11:05,7121,7129,7118,7122,8134
2024/09/12-11:10,7123,7131,7122,7129,5958
2024/09/12-11:15,7128,7132,7126,7132,4226
2024/09/12-11:20,7131,7139,7127,7135,6197
2024/09/12-11:25,7136,7136,7129,7132,3928
2024/09/12-11:30,7132,7146,7131,7143,8609
2024/09/12-13:35,7159,7182,7159,7167,28422
2024/09/12-13:40,7167,7172,7158,7167,9346
2024/09/12-13:45,7167,7174,7161,7166,7506
2024/09/12-13:50,7168,7170,7162,7163,5455
2024/09/12-13:55,7163,7164,7151,7152,9110
2024/09/12-14:00,7153,7170,7153,7166,6215
2024/09/12-14:05,7165,7176,7165,7167,7098
2024/09/12-14:10,7168,7174,7165,7170,5436
2024/09/12-14:15,7169,7171,7158,7161,5362
2024/09/12-14:20,7161,7166,7159,7159,3608
2024/09/12-14:25,7160,7162,7153,7161,5138
2024/09/12-14:30,7160,7172,7158,7164,5284
2024/09/12-14:35,7163,7164,7157,7160,4652
2024/09/12-14:40,7160,7163,7150,7163,7819
2024/09/12-14:45,7163,7170,7161,7163,5338
2024/09/12-14:50,7163,7167,7158,7162,3472
2024/09/12-14:55,7162,7168,7160,7163,4325
2024/09/12-15:00,7163,7163,7156,7157,9089
2024/09/13-21:05,7220,7229,7186,7213,60695
2024/09/13-21:10,7213,7259,7206,7259,45408
2024/09/13-21:15,7261,7288,7256,7269,58988
2024/09/13-21:20,7270,7273,7246,7251,37166
2024/09/13-21:25,7251,7262,7237,7261,26343
2024/09/13-21:30,7261,7269,7257,7269,17609
2024/09/13-21:35,7269,7272,7248,7250,22343
2024/09/13-21:40,7250,7282,7250,7280,24868
2024/09/13-21:45,7279,7297,7278,7290,32957
2024/09/13-21:50,7291,7303,7268,7276,38719
2024/09/13-21:55,7276,7286,7269,7278,19446
2024/09/13-22:00,7278,7292,7274,7275,16369
2024/09/13-22:05,7276,7297,7266,7288,28101
2024/09/13-22:10,7288,7302,7288,7293,17900
2024/09/13-22:15,7293,7300,7279,7280,20830
2024/09/13-22:20,7280,7296,7279,7294,11459
2024/09/13-22:25,7294,7312,7285,7288,30315
2024/09/13-22:30,7288,7293,7276,7276,17609
2024/09/13-22:35,7277,7297,7275,7297,16042
2024/09/13-22:40,7297,7306,7292,7305,17300
2024/09/13-22:45,7305,7318,7303,7309,20194
2024/09/13-22:50,7309,7322,7306,7316,22194
2024/09/13-22:55,7316,7319,7304,7309,16192
2024/09/13-23:00,7308,7325,7308,7313,20378
2024/09/13-23:05,7314,7317,7309,7314,13800
2024/09/13-23:10,7315,7326,7311,7319,16206
2024/09/13-23:15,7319,7329,7314,7319,15174
2024/09/13-23:20,7320,7325,7312,7315,15932
2024/09/13-23:25,7314,7325,7314,7320,9154
2024/09/13-23:30,7320,7325,7318,7322,6274
2024/09/13-23:35,7322,7325,7317,7319,7992
2024/09/13-23:40,7320,7324,7318,7322,5935
2024/09/13-23:45,7321,7323,7318,7320,5048
2024/09/13-23:50,7320,7327,7317,7327,8034
2024/09/13-23:55,7328,7344,7328,7339,22735
2024/09/13-00:00,7339,7346,7336,7341,9797
2024/09/13-00:05,7341,7359,7338,7355,20100
2024/09/13-00:10,7355,7355,7342,7345,13196
2024/09/13-00:15,7344,7351,7321,7328,21714
2024/09/13-00:20,7329,7338,7323,7336,14087
2024/09/13-00:25,7336,7347,7336,7337,11786
2024/09/13-00:30,7338,7339,7325,7328,11339
2024/09/13-00:35,7327,7330,7322,7329,9548
2024/09/13-00:40,7329,7335,7328,7331,5991
2024/09/13-00:45,7331,7335,7329,7331,3895
2024/09/13-00:50,7332,7342,7330,7336,6663
2024/09/13-00:55,7336,7349,7336,7346,6715
2024/09/13-01:00,7346,7354,7343,7348,8834
2024/09/13-01:05,7349,7355,7348,7351,7090
2024/09/13-01:10,7352,7357,7349,7354,6203
2024/09/13-01:15,7353,7354,7340,7344,7651
2024/09/13-01:20,7343,7355,7343,7348,5644
2024/09/13-01:25,7349,7349,7341,7345,4317
2024/09/13-01:30,7346,7350,7342,7343,4234
2024/09/13-01:35,7343,7345,7342,7343,2683
2024/09/13-01:40,7343,7352,7343,7351,3865
2024/09/13-01:45,7350,7351,7344,7345,2373
2024/09/13-01:50,7345,7347,7338,7341,4677
2024/09/13-01:55,7342,7350,7341,7347,3072
2024/09/13-02:00,7347,7351,7346,7348,2623
2024/09/13-02:05,7349,7349,7343,7348,2541
2024/09/13-02:10,7347,7350,7347,7348,2622
2024/09/13-02:15,7347,7349,7344,7348,2002
2024/09/13-02:20,7348,7350,7345,7345,1712
2024/09/13-02:25,7345,7350,7345,7350,2092
2024/09/13-02:30,7350,7359,7349,7354,7208
2024/09/13-09:05,7378,7387,7368,7373,33892
2024/09/13-09:10,7373,7403,7370,7403,27806
2024/09/13-09:15,7404,7421,7392,7392,38205
2024/09/13-09:20,7394,7405,7388,7394,16816
2024/09/13-09:25,7393,7396,7384,7386,11662
2024/09/13-09:30,7386,7399,7384,7399,8025
2024/09/13-09:35,7400,7410,7392,7397,12980
2024/09/13-09:40,7397,7416,7397,7411,11125
2024/09/13-09:45,7411,7417,7402,7404,11813
2024/09/13-09:50,7404,7406,7375,7380,19482
2024/09/13-09:55,7381,7399,7378,7399,11191
2024/09/13-10:00,7399,7401,7389,7393,8635
2024/09/13-10:05,7394,7396,7382,7395,6206
2024/09/13-10:10,7396,7399,7385,7392,4534
2024/09/13-10:15,7391,7400,7391,7398,4184
2024/09/13-10:35,7398,7400,7382,7387,7172
2024/09/13-10:40,7387,7392,7379,7383,6348
2024/09/13-10:45,7384,7388,7375,7384,6983
2024/09/13-10:50,7384,7388,7379,7382,4425
2024/09/13-10:55,7383,7391,7382,7389,5109
2024/09/13-11:00,7389,7392,7382,7389,4120
2024/09/13-11:05,7388,7396,7385,7394,4448
2024/09/13-11:10,7395,7396,7382,7386,4679
2024/09/13-11:15,7386,7394,7383,7389,3059
2024/09/13-11:20,7389,7393,7384,7392,2878
2024/09/13-11:25,7393,7404,7389,7390,7670
2024/09/13-11:30,7389,7401,7389,7401,5977
2024/09/13-13:35,7417,7425,7406,7413,23218
2024/09/13-13:40,7414,7421,7411,7413,8974
2024/09/13-13:45,7413,7419,7409,7414,6070
2024/09/13-13:50,7414,7414,7401,7402,10090
2024/09/13-13:55,7402,7407,7402,7406,5548
2024/09/13-14:00,7406,7406,7386,7392,10326
2024/09/13-14:05,7391,7394,7385,7385,8099
2024/09/13-14:10,7385,7390,7377,7384,12499
2024/09/13-14:15,7384,7388,7373,7383,13029
2024/09/13-14:20,7383,7383,7371,7376,9221
2024/09/13-14:25,7376,7383,7372,7378,8858
2024/09/13-14:30,7378,7391,7373,7388,9505
2024/09/13-14:35,7388,7399,7383,7386,11666
2024/09/13-14:40,7387,7401,7384,7397,9607
2024/09/13-14:45,7397,7418,7396,7415,16364
2024/09/13-14:50,7414,7430,7410,7414,23191
2024/09/13-14:55,7415,7423,7409,7420,10773
2024/09/13-15:00,7420,7428,7419,7424,21182
2024/09/18-09:05,7527,7528,7477,7482,60151
2024/09/18-09:10,7482,7490,7429,7432,42519
2024/09/18-09:15,7433,7462,7428,7457,24171
2024/09/18-09:20,7458,7475,7455,7466,15928
2024/09/18-09:25,7466,7483,7461,7461,15589
2024/09/18-09:30,7462,7468,7454,7458,11600
2024/09/18-09:35,7458,7459,7436,7438,15687
2024/09/18-09:40,7439,7453,7430,7451,14399
2024/09/18-09:45,7450,7461,7446,7454,7044
2024/09/18-09:50,7455,7467,7453,7455,9435
2024/09/18-09:55,7456,7465,7446,7450,6491
2024/09/18-10:00,7450,7452,7433,7438,9075
2024/09/18-10:05,7438,7442,7429,7432,9905
2024/09/18-10:10,7432,7442,7431,7432,6736
2024/09/18-10:15,7433,7444,7432,7442,4560
2024/09/18-10:35,7445,7450,7444,7446,6148
2024/09/18-10:40,7446,7456,7444,7450,6521
2024/09/18-10:45,7450,7457,7446,7448,3844
2024/09/18-10:50,7447,7456,7445,7454,4088
2024/09/18-10:55,7454,7461,7453,7460,5416
2024/09/18-11:00,7460,7464,7456,7462,3558
2024/09/18-11:05,7463,7466,7456,7457,4773
2024/09/18-11:10,7457,7457,7436,7438,8477
2024/09/18-11:15,7438,7441,7423,7440,12927
2024/09/18-11:20,7440,7444,7434,7442,6564
2024/09/18-11:25,7441,7447,7439,7443,3159
2024/09/18-11:30,7442,7455,7442,7449,5405
2024/09/18-13:35,7434,7434,7406,7406,23593
2024/09/18-13:40,7407,7424,7404,7416,15412
2024/09/18-13:45,7417,7424,7412,7424,7058
2024/09/18-13:50,7423,7423,7413,7415,5471
2024/09/18-13:55,7415,7427,7410,7426,9445
2024/09/18-14:00,7426,7435,7424,7435,8396
2024/09/18-14:05,7435,7443,7433,7437,9098
2024/09/18-14:10,7436,7447,7435,7446,6816
2024/09/18-14:15,7447,7448,7437,7442,4450
2024/09/18-14:20,7443,7453,7435,7450,9537
2024/09/18-14:25,7450,7451,7436,7436,4671
2024/09/18-14:30,7436,7440,7433,7438,5110
2024/09/18-14:35,7439,7450,7432,7449,6982
2024/09/18-14:40,7449,7456,7445,7449,8491
2024/09/18-14:45,7450,7454,7448,7450,4323
2024/09/18-14:50,7450,7450,7439,7448,6443
2024/09/18-14:55,7447,7451,7441,7448,6288
2024/09/18-15:00,7448,7450,7445,7449,8958
2024/09/19-21:05,7455,7467,7453,7463,19535
2024/09/19-21:10,7462,7470,7451,7461,11217
2024/09/19-21:15,7461,7465,7451,7460,7085
2024/09/19-21:20,7460,7464,7453,7455,6721
2024/09/19-21:25,7455,7456,7442,7448,11781
2024/09/19-21:30,7448,7454,7445,7446,5880
2024/09/19-21:35,7446,7452,7420,7430,21446
2024/09/19-21:40,7430,7430,7413,7417,18421
2024/09/19-21:45,7418,7418,7407,7417,16424
2024/09/19-21:50,7418,7429,7414,7418,14584
2024/09/19-21:55,7417,7417,7392,7395,29626
2024/09/19-22:00,7396,7401,7377,7400,24671
2024/09/19-22:05,7400,7402,7388,7397,11911
2024/09/19-22:10,7398,7415,7396,7413,13846
2024/09/19-22:15,7413,7416,7396,7400,11992
2024/09/19-22:20,7400,7406,7394,7400,8277
2024/09/19-22:25,7400,7400,7372,7393,20809
2024/09/19-22:30,7394,7402,7392,7393,8796
2024/09/19-22:35,7393,7409,7393,7401,10250
2024/09/19-22:40,7401,7413,7397,7412,9640
2024/09/19-22:45,7411,7420,7405,7407,11958
2024/09/19-22:50,7408,7416,7408,7415,6584
2024/09/19-22:55,7415,7415,7399,7411,10796
2024/09/19-23:00,7411,7412,7403,7408,5903
2024/09/19-23:05,7408,7412,7399,7411,10226
2024/09/19-23:10,7411,7420,7407,7408,12065
2024/09/19-23:15,7407,7408,7389,7395,14168
2024/09/19-23:20,7394,7400,7388,7395,9502
2024/09/19-23:25,7395,7409,7395,7408,8016
2024/09/19-23:30,7408,7414,7405,7408,7785
2024/09/19-23:35,7408,7411,7400,7403,6951
2024/09/19-23:40,7403,7404,7395,7396,6040
2024/09/19-23:45,7396,7396,7375,7382,20052
2024/09/19-23:50,7382,7386,7374,7386,11865
2024/09/19-23:55,7384,7391,7383,7386,7952
2024/09/19-00:00,7386,7392,7384,7387,5092
2024/09/19-00:05,7388,7393,7378,7383,7098
2024/09/19-00:10,7384,7395,7380,7392,6059
2024/09/19-00:15,7393,7399,7392,7397,5876
2024/09/19-00:20,7396,7406,7393,7400,6603
2024/09/19-00:25,7400,7404,7396,7400,4764
2024/09/19-00:30,7400,7406,7399,7403,3762
2024/09/19-00:35,7403,7410,7398,7398,5585
2024/09/19-00:40,7399,7402,7395,7400,3583
2024/09/19-00:45,7401,7405,7398,7399,3392
2024/09/19-00:50,7399,7404,7396,7402,2350
2024/09/19-00:55,7401,7408,7401,7406,3017
2024/09/19-01:00,7407,7414,7406,7410,5042
2024/09/19-01:05,7410,7411,7399,7404,4778
2024/09/19-01:10,7403,7403,7399,7401,2117
2024/09/19-01:15,7401,7402,7395,7396,3259
2024/09/19-01:20,7395,7398,7389,7392,4394
2024/09/19-01:25,7392,7394,7385,7385,5509
2024/09/19-01:30,7386,7393,7386,7389,4368
2024/09/19-01:35,7389,7392,7385,7389,3408
2024/09/19-01:40,7389,7395,7385,7388,4042
2024/09/19-01:45,7388,7391,7382,7384,2839
2024/09/19-01:50,7386,7389,7380,7382,3139
2024/09/19-01:55,7382,7382,7340,7359,28319
2024/09/19-02:00,7358,7360,7350,7352,8312
2024/09/19-02:05,7353,7464,7352,7457,86930
2024/09/19-02:10,7457,7510,7457,7495,54031
2024/09/19-02:15,7495,7513,7453,7480,38518
2024/09/19-02:20,7481,7512,7475,7496,24017
2024/09/19-02:25,7496,7518,7490,7514,18037
2024/09/19-02:30,7514,7519,7497,7515,17260
2024/09/19-09:05,7368,7369,7305,7313,95196
2024/09/19-09:10,7311,7316,7266,7280,56799
2024/09/19-09:15,7279,7294,7258,7270,35715
2024/09/19-09:20,7270,7277,7256,7275,24448
2024/09/19-09:25,7274,7291,7270,7283,18360
2024/09/19-09:30,7283,7305,7282,7303,22556
2024/09/19-09:35,7304,7311,7287,7289,18883
2024/09/19-09:40,7289,7302,7281,7287,11525
2024/09/19-09:45,7286,7288,7274,7282,10194
2024/09/19-09:50,7282,7286,7265,7268,12446
2024/09/19-09:55,7267,7295,7266,7293,11446
2024/09/19-10:00,7293,7313,7289,7311,14896
2024/09/19-10:05,7311,7340,7310,7339,28259
2024/09/19-10:10,7339,7365,7331,7355,23119
2024/09/19-10:15,7356,7376,7356,7369,21341
2024/09/19-10:35,7371,7396,7371,7384,20622
2024/09/19-10:40,7383,7395,7381,7388,10931
2024/09/19-10:45,7386,7399,7381,7392,13682
2024/09/19-10:50,7391,7400,7386,7391,10278
2024/09/19-10:55,7390,7394,7369,7372,13588
2024/09/19-11:00,7373,7385,7370,7370,8111
2024/09/19-11:05,7370,7372,7348,7359,15578
2024/09/19-11:10,7358,7365,7348,7353,7640
2024/09/19-11:15,7352,7373,7352,7362,8226
2024/09/19-11:20,7362,7364,7355,7356,4007
2024/09/19-11:25,7357,7370,7356,7368,5056
2024/09/19-11:30,7368,7371,7365,7371,4141
2024/09/19-13:35,7419,7424,7396,7400,30323
2024/09/19-13:40,7400,7411,7398,7408,9619
2024/09/19-13:45,7409,7417,7408,7413,10099
2024/09/19-13:50,7414,7417,7406,7408,7074
2024/09/19-13:55,7409,7416,7406,7416,6008
2024/09/19-14:00,7416,7431,7411,7429,12221
2024/09/19-14:05,7428,7462,7428,7458,24322
2024/09/19-14:10,7458,7459,7445,7457,13219
2024/09/19-14:15,7457,7471,7449,7471,12528
2024/09/19-14:20,7471,7472,7459,7467,12194
2024/09/19-14:25,7467,7488,7466,7485,17886
2024/09/19-14:30,7485,7500,7479,7483,16066
2024/09/19-14:35,7482,7492,7476,7491,10701
2024/09/19-14:40,7492,7492,7479,7480,8566
2024/09/19-14:45,7482,7485,7475,7477,9034
2024/09/19-14:50,7477,7486,7474,7481,6184
2024/09/19-14:55,7481,7484,7479,7483,5200
2024/09/19-15:00,7484,7490,7481,7482,12441
2024/09/20-21:05,7486,7493,7463,7483,37358
2024/09/20-21:10,7483,7501,7480,7499,24996
2024/09/20-21:15,7498,7500,7483,7485,15116
2024/09/20-21:20,7485,7497,7475,7495,18259
2024/09/20-21:25,7493,7493,7474,7478,15786
2024/09/20-21:30,7478,7485,7469,7484,11709
2024/09/20-21:35,7485,7487,7471,7472,13103
2024/09/20-21:40,7473,7493,7466,7486,21385
2024/09/20-21:45,7488,7491,7452,7454,27084
2024/09/20-21:50,7455,7461,7445,7456,27506
2024/09/20-21:55,7456,7457,7439,7457,21176
2024/09/20-22:00,7457,7467,7454,7462,14400
2024/09/20-22:05,7462,7471,7460,7466,15729
2024/09/20-22:10,7466,7466,7444,7445,15102
2024/09/20-22:15,7444,7447,7430,7442,23723
2024/09/20-22:20,7441,7454,7436,7452,13274
2024/09/20-22:25,7452,7463,7447,7461,11583
2024/09/20-22:30,7462,7478,7461,7471,17002
2024/09/20-22:35,7471,7488,7470,7485,17435
2024/09/20-22:40,7485,7495,7479,7494,18826
2024/09/20-22:45,7493,7499,7489,7495,19274
2024/09/20-22:50,7496,7496,7479,7482,17291
2024/09/20-22:55,7483,7490,7477,7484,12651
2024/09/20-23:00,7484,7487,7476,7482,11370
2024/09/20-23:05,7483,7489,7479,7488,11463
2024/09/20-23:10,7488,7488,7476,7481,11150
2024/09/20-23:15,7481,7486,7479,7480,7928
2024/09/20-23:20,7481,7492,7478,7486,11577
2024/09/20-23:25,7486,7490,7481,7487,6231
2024/09/20-23:30,7488,7488,7482,7486,3901
2024/09/20-23:35,7485,7488,7481,7486,4210
2024/09/20-23:40,7487,7490,7484,7489,5434
2024/09/20-23:45,7488,7518,7485,7512,23929
2024/09/20-23:50,7513,7541,7507,7535,32682
2024/09/20-23:55,7534,7539,7515,7526,20795
2024/09/20-00:00,7527,7530,7521,7523,8878
2024/09/20-00:05,7524,7527,7519,7523,7581
2024/09/20-00:10,7524,7528,7520,7526,5128
2024/09/20-00:15,7526,7533,7515,7524,12501
2024/09/20-00:20,7524,7531,7522,7526,6358
2024/09/20-00:25,7526,7529,7519,7521,5475
2024/09/20-00:30,7521,7523,7518,7520,4222
2024/09/20-00:35,7520,7527,7520,7526,4960
2024/09/20-00:40,7526,7535,7523,7534,8348
2024/09/20-00:45,7534,7536,7530,7535,5311
2024/09/20-00:50,7535,7539,7532,7533,5196
2024/09/20-00:55,7532,7534,7525,7527,4942
2024/09/20-01:00,7528,7528,7523,7524,3585
2024/09/20-01:05,7523,7529,7523,7528,3061
2024/09/20-01:10,7528,7529,7516,7520,6936
2024/09/20-01:15,7519,7520,7514,7518,4124
2024/09/20-01:20,7518,7524,7516,7520,3186
2024/09/20-01:25,7521,7527,7518,7523,4559
2024/09/20-01:30,7522,7525,7519,7522,1883
2024/09/20-01:35,7521,7524,7519,7523,1608
2024/09/20-01:40,7523,7524,7521,7524,1118
2024/09/20-01:45,7524,7525,7522,7524,1137
2024/09/20-01:50,7523,7528,7522,7526,2337
2024/09/20-01:55,7526,7528,7523,7525,1251
2024/09/20-02:00,7526,7526,7521,7525,1122
2024/09/20-02:05,7526,7526,7523,7524,933
2024/09/20-02:10,7524,7525,7518,7518,2358
2024/09/20-02:15,7520,7520,7488,7491,12906
2024/09/20-02:20,7490,7494,7483,7487,6929
2024/09/20-02:25,7487,7501,7487,7499,3928
2024/09/20-02:30,7498,7505,7496,7504,4361
2024/09/20-09:05,7478,7486,7466,7467,34727
2024/09/20-09:10,7468,7481,7466,7470,12603
2024/09/20-09:15,7469,7476,7466,7472,8251
2024/09/20-09:20,7472,7472,7456,7460,13043
2024/09/20-09:25,7460,7463,7444,7453,18289
2024/09/20-09:30,7453,7458,7446,7453,10201
2024/09/20-09:35,7453,7470,7446,7467,12832
2024/09/20-09:40,7467,7469,7450,7455,9010
2024/09/20-09:45,7455,7459,7449,7459,6238
2024/09/20-09:50,7459,7471,7459,7461,9066
2024/09/20-09:55,7461,7468,7460,7467,3825
2024/09/20-10:00,7466,7475,7466,7466,6965
2024/09/20-10:05,7466,7466,7456,7457,7956
2024/09/20-10:10,7457,7473,7456,7469,6638
2024/09/20-10:15,7470,7474,7468,7472,4594
2024/09/20-10:35,7472,7491,7472,7489,11289
2024/09/20-10:40,7489,7497,7485,7494,12356
2024/09/20-10:45,7494,7498,7485,7490,9437
2024/09/20-10:50,7491,7498,7488,7493,6616
2024/09/20-10:55,7493,7507,7492,7505,11482
2024/09/20-11:00,7505,7505,7496,7505,6067
2024/09/20-11:05,7504,7535,7504,7533,20455
2024/09/20-11:10,7535,7547,7526,7531,21473
2024/09/20-11:15,7531,7543,7529,7534,15241
2024/09/20-11:20,7534,7545,7532,7537,9577
2024/09/20-11:25,7539,7542,7536,7537,4989
2024/09/20-11:30,7537,7546,7537,7542,10263
2024/09/20-13:35,7524,7533,7520,7523,17047
2024/09/20-13:40,7523,7530,7515,7517,10536
2024/09/20-13:45,7516,7526,7512,7524,8993
2024/09/20-13:50,7524,7526,7516,7517,4682
2024/09/20-13:55,7518,7522,7517,7521,4384
2024/09/20-14:00,7522,7545,7522,7540,14072
2024/09/20-14:05,7539,7554,7536,7552,16759
2024/09/20-14:10,7552,7555,7549,7552,8899
2024/09/20-14:15,7552,7553,7536,7544,9885
2024/09/20-14:20,7544,7546,7529,7534,9002
2024/09/20-14:25,7534,7552,7533,7551,8213
2024/09/20-14:30,7551,7564,7550,7559,16189
2024/09/20-14:35,7559,7564,7552,7557,10300
2024/09/20-14:40,7558,7558,7534,7543,13396
2024/09/20-14:45,7544,7546,7534,7546,10698
2024/09/20-14:50,7545,7561,7542,7557,9547
2024/09/20-14:55,7557,7569,7555,7566,17197
2024/09/20-15:00,7566,7567,7546,7548,18168
2024/09/23-21:05,7595,7595,7567,7573,41289
2024/09/23-21:10,7573,7580,7555,7557,23061
2024/09/23-21:15,7557,7563,7538,7546,28030
2024/09/23-21:20,7546,7557,7543,7557,14066
2024/09/23-21:25,7556,7567,7541,7544,20616
2024/09/23-21:30,7545,7549,7532,7535,17238
2024/09/23-21:35,7536,7551,7512,7518,33977
2024/09/23-21:40,7519,7529,7507,7524,26381
2024/09/23-21:45,7523,7529,7506,7507,18564
2024/09/23-21:50,7507,7513,7492,7506,32203
2024/09/23-21:55,7505,7514,7499,7509,13214
2024/09/23-22:00,7510,7520,7504,7517,13681
2024/09/23-22:05,7516,7519,7485,7494,24736
2024/09/23-22:10,7494,7510,7480,7506,24115
2024/09/23-22:15,7508,7511,7493,7499,14954
2024/09/23-22:20,7499,7521,7497,7516,18972
2024/09/23-22:25,7515,7518,7493,7498,18116
2024/09/23-22:30,7498,7517,7495,7517,11062
2024/09/23-22:35,7517,7525,7510,7524,15864
2024/09/23-22:40,7524,7531,7516,7531,15670
2024/09/23-22:45,7531,7541,7526,7532,21496
2024/09/23-22:50,7531,7544,7527,7531,16513
2024/09/23-22:55,7531,7533,7517,7527,15655
2024/09/23-23:00,7527,7528,7499,7501,22650
2024/09/23-23:05,7501,7515,7499,7514,19061
2024/09/23-23:10,7514,7525,7506,7509,19547
2024/09/23-23:15,7508,7511,7487,7488,22685
2024/09/23-23:20,7488,7488,7469,7480,35327
2024/09/23-23:25,7480,7492,7473,7490,19105
2024/09/23-23:30,7491,7492,7473,7475,14097
2024/09/23-23:35,7474,7493,7470,7491,18111
2024/09/23-23:40,7491,7505,7491,7504,24267
2024/09/23-23:45,7502,7515,7498,7513,21493
2024/09/23-23:50,7512,7520,7508,7512,19873
2024/09/23-23:55,7512,7521,7509,7511,14904
2024/09/23-00:00,7510,7524,7510,7524,10926
2024/09/23-00:05,7525,7533,7512,7515,21008
2024/09/23-00:10,7515,7523,7511,7520,9803
2024/09/23-00:15,7521,7530,7520,7528,8721
2024/09/23-00:20,7527,7529,7521,7522,8869
2024/09/23-00:25,7522,7530,7520,7527,7106
2024/09/23-00:30,7527,7529,7512,7517,10867
2024/09/23-00:35,7517,7520,7513,7515,6443
2024/09/23-00:40,7515,7530,7515,7528,8480
2024/09/23-00:45,7529,7530,7523,7525,5150
2024/09/23-00:50,7524,7528,7520,7526,5785
2024/09/23-00:55,7526,7527,7522,7523,3398
2024/09/23-01:00,7524,7527,7522,7524,3226
2024/09/23-01:05,7524,7525,7496,7499,18698
2024/09/23-01:10,7499,7507,7494,7504,10361
2024/09/23-01:15,7504,7509,7500,7506,5252
2024/09/23-01:20,7506,7509,7501,7507,4323
2024/09/23-01:25,7507,7516,7496,7496,8816
2024/09/23-01:30,7496,7501,7490,7498,10728
2024/09/23-01:35,7498,7506,7496,7503,4114
2024/09/23-01:40,7503,7505,7495,7496,3725
2024/09/23-01:45,7496,7500,7495,7497,3200
2024/09/23-01:50,7498,7505,7498,7500,3898
2024/09/23-01:55,7501,7503,7491,7493,5002
2024/09/23-02:00,7492,7494,7486,7489,6241
2024/09/23-02:05,7489,7494,7481,7483,7115
2024/09/23-02:10,7483,7485,7475,7479,8585
2024/09/23-02:15,7479,7484,7477,7483,5355
2024/09/23-02:20,7483,7495,7481,7488,8050
2024/09/23-02:25,7489,7489,7478,7481,5007
2024/09/23-02:30,7481,7481,7465,7476,14298
2024/09/23-09:05,7476,7476,7476,7476,0
