,代码,名称,最新价,涨跌额,涨跌幅,昨收,今开,最高,最低,成交量,成交额
0,sh000001,上证指数,3412.0747,48.483,1.441,3363.5915,3373.3171,3415.4126,3373.3171,185931893,216738155051
1,sh000002,Ａ股指数,3576.4299,50.871,1.443,3525.5589,3535.7696,3579.9322,3535.7696,185831374,216601183157
2,sh000003,Ｂ股指数,243.5548,1.204,0.497,242.3508,242.3281,243.7229,242.3109,86060,44728048
3,sh000004,工业指数,2984.3646,54.27,1.852,2930.0945,2938.3645,2989.0462,2938.3645,115424809,146948502709
4,sh000005,商业指数,3171.3124,30.949,0.986,3140.3635,3146.0526,3173.1833,3146.0526,11466507,14823650462
5,sh000006,地产指数,6322.0533,-0.624,-0.01,6322.6768,6345.483,6363.6199,6318.2366,1912665,1297757464
6,sh000007,公用指数,4395.2515,89.659,2.082,4305.5929,4319.1455,4400.4939,4319.1455,24064194,14340891065
7,sh000008,综合指数,3010.9933,22.809,0.763,2988.184,2997.6703,3014.4951,2997.3515,33063718,39327353351
8,sh000009,上证380,5759.3476,93.611,1.652,5665.7368,5674.003,5762.9989,5674.003,38170879,43813088471
9,sh000010,上证180,10371.3073,165.875,1.625,10205.4327,10252.1938,10388.876,10252.1938,58709887,96175824951
10,sh000011,基金指数,7169.8471,73.996,1.043,7095.8516,7106.2894,7173.857,7106.2894,91544015,33279669320
11,sh000012,国债指数,185.1407,-0.003,-0.001,185.1434,185.1598,185.1671,185.0917,64997,61300441
12,sh000013,企债指数,0.0,0.0,0.0,0.0,0.0,0.0,0.0,0,0
13,sh000015,红利指数,2711.8312,29.182,1.088,2682.6495,2691.1947,2717.7557,2689.1965,16184125,11314362214
14,sh000016,上证50,3521.6518,57.779,1.668,3463.8727,3483.6948,3529.2662,3480.3337,16237806,48290779922
15,sh000017,新综指,2883.7983,41.021,1.443,2842.7776,2851.0119,2886.6243,2851.0119,172602709,197257921222
16,sh000018,180金融,5652.4655,29.872,0.531,5622.5931,5646.61,5672.7163,5631.2278,18441456,20415653490
17,sh000019,治理指数,1149.6428,15.381,1.356,1134.2623,1139.1596,1151.0975,1139.1596,58440556,59654052946
18,sh000020,中型综指,1285.2708,18.88,1.491,1266.3907,1267.4849,1285.8049,1267.4849,18477074,25211254324
19,sh000021,180治理,1069.9257,14.061,1.332,1055.8644,1061.0003,1071.3964,1060.8778,35033897,43524103272
20,sh000022,沪公司债,213.4815,0.039,0.018,213.4427,213.4706,213.4822,213.4583,711634,700722578
21,sh000025,180基建,1556.5991,6.496,0.419,1550.1026,1549.9676,1563.4864,1549.8968,6915665,5003460483
22,sh000026,180资源,2710.4402,40.503,1.517,2669.9372,2673.5556,2714.009,2664.5623,7761221,9092547622
23,sh000027,180运输,956.0488,23.996,2.575,932.0528,936.7516,971.2956,936.7516,4158212,3537659830
24,sh000028,180成长,5284.7328,103.871,2.005,5180.8621,5209.6397,5302.2531,5209.6397,12393897,49901766299
25,sh000029,180价值,4184.9211,25.339,0.609,4159.5824,4175.0736,4199.0525,4170.7579,25224058,25678228203
26,sh000030,180R成长,3138.8956,68.291,2.224,3070.6042,3085.9464,3146.1397,3085.9464,38637348,80523329312
27,sh000031,180R价值,3067.5764,30.424,1.002,3037.1524,3049.2434,3071.0615,3048.8854,51467509,56299791216
28,sh000032,上证能源,1157.5765,2.078,0.18,1155.4983,1152.3134,1161.1861,1148.6217,6066611,3152683138
29,sh000033,上证材料,2658.0396,48.945,1.876,2609.0947,2624.2428,2662.8932,2617.1219,24180738,22055229339
30,sh000034,上证工业,2569.5783,64.289,2.566,2505.2892,2520.4574,2573.2727,2520.4574,15570362,21938751959
31,sh000035,上证可选,3805.308,115.038,3.117,3690.2697,3707.776,3810.9529,3707.776,8176133,12877123234
32,sh000036,上证消费,17617.701,461.007,2.687,17156.694,17204.976,17692.7266,17204.976,2774305,18218476455
33,sh000037,上证医药,9433.393,233.58,2.539,9199.8128,9239.7958,9457.0202,9227.6062,2066423,12517611939
34,sh000038,上证金融,5506.5656,31.178,0.569,5475.3875,5500.3922,5528.0489,5486.2224,13119862,15283739996
35,sh000039,上证信息,4128.062,59.222,1.456,4068.8399,4081.0173,4129.0024,4069.4851,2282966,7641406417
36,sh000040,上证电信,2894.0908,49.59,1.743,2844.5004,2855.6139,2896.5366,2853.279,1783188,2758159859
37,sh000041,上证公用,1998.1697,46.205,2.367,1951.9643,1949.0988,2007.2996,1949.0988,12676854,7819807990
38,sh000042,上证央企,1682.1561,15.033,0.902,1667.1234,1672.2287,1684.8779,1672.2287,21040448,22618177101
39,sh000043,超大盘,2828.0197,48.967,1.762,2779.0523,2792.0546,2832.8073,2790.7385,8624442,28680080315
40,sh000044,上证中盘,4110.5372,62.79,1.551,4047.7474,4058.2787,4115.7622,4058.2787,42472081,47885045029
41,sh000045,上证小盘,4541.478,72.382,1.62,4469.0955,4476.7424,4544.564,4476.7424,48306941,45213439275
42,sh000046,上证中小,4355.4438,67.778,1.581,4287.6654,4297.171,4359.0448,4297.171,90779022,93098484304
43,sh000047,上证全指,3880.0393,62.009,1.624,3818.0304,3833.1404,3885.0336,3833.1404,107016828,141389264226
44,sh000048,责任指数,1630.7255,20.895,1.298,1609.8302,1618.1048,1633.1396,1618.0484,17508439,28350710709
45,sh000049,上证民企,2597.9389,73.234,2.901,2524.7045,2538.5715,2601.8985,2537.9004,11948411,32499768176
46,sh000050,50等权,2600.326,35.236,1.374,2565.0897,2574.7451,2603.6331,2574.6332,16237806,48290779922
47,sh000051,180等权,9513.6985,141.844,1.514,9371.8546,9393.3786,9522.2009,9393.3786,58709887,96175824951
48,sh000052,50基本,3051.0537,20.824,0.687,3030.2295,3043.1418,3056.5096,3038.2151,16237806,48290779922
49,sh000053,180基本,11317.5336,94.305,0.84,11223.2287,11262.5019,11334.6383,11257.6242,58709887,96175824951
50,sh000054,上证海外,1431.5898,14.078,0.993,1417.512,1423.4981,1433.5334,1423.1085,23818344,29661246471
51,sh000055,上证地企,1494.8509,21.678,1.471,1473.1732,1480.6843,1499.0081,1479.2721,20161456,30494758388
52,sh000056,上证国企,1243.68,14.658,1.193,1229.0225,1234.1839,1246.2672,1233.801,41201903,53112935489
53,sh000057,全指成长,5491.0319,113.819,2.117,5377.2126,5403.6494,5504.8581,5403.6494,20616805,62810395978
54,sh000058,全指价值,4231.0781,36.552,0.871,4194.5264,4210.5724,4239.7763,4208.3016,49552255,41261189742
55,sh000059,全R成长,3953.7761,83.078,2.146,3870.6979,3887.7123,3961.1433,3887.7123,68045644,113588289349
56,sh000060,全R价值,3746.9913,38.966,1.051,3708.0254,3720.9389,3750.955,3720.9389,96981094,92039083113
57,sh000061,沪企债30,155.9312,0.053,0.034,155.8778,155.8921,155.9444,155.8849,15385,12951843
58,sh000062,上证沪企,2045.4094,25.409,1.258,2020.0001,2027.4508,2047.5501,2026.7703,10974822,13281270621
59,sh000063,上证周期,3554.2838,32.047,0.91,3522.2368,3539.1353,3559.7192,3533.859,24618227,34302258477
60,sh000064,非周期,4101.1442,88.615,2.208,4012.5288,4030.7646,4110.7636,4026.6869,16904598,52557309079
61,sh000065,上证龙头,3749.728,55.287,1.496,3694.441,3703.0921,3753.7825,3703.0921,20643958,51543458321
62,sh000066,上证商品,2089.8065,23.325,1.129,2066.4816,2068.5527,2095.3344,2063.8093,16336907,18853443660
63,sh000067,上证新兴,8461.2388,189.531,2.291,8271.7073,8315.0995,8470.4391,8310.0629,11133092,37070872876
64,sh000068,上证资源,2022.4322,26.077,1.306,1996.3553,1996.7869,2025.8758,1991.5046,14371056,14228081648
65,sh000069,消费80,7577.6606,211.521,2.872,7366.1396,7399.1171,7596.9577,7399.1171,6546870,37350354635
66,sh000070,能源等权,1756.983,4.476,0.255,1752.5071,1746.78,1761.454,1740.9367,6066611,3152683138
67,sh000071,材料等权,3455.0311,56.204,1.654,3398.8276,3409.2925,3462.4763,3409.2925,24180738,22055229339
68,sh000072,工业等权,3111.8721,59.111,1.936,3052.7607,3062.5939,3116.597,3062.5939,15570362,21938751959
69,sh000073,可选等权,3591.8317,102.744,2.945,3489.0874,3499.0123,3596.1036,3499.0123,8176133,12877123234
70,sh000074,消费等权,11588.7422,317.736,2.819,11271.0066,11263.308,11608.4609,11263.308,2774305,18218476455
71,sh000075,医药等权,10638.3078,141.915,1.352,10496.3926,10511.2592,10657.9404,10498.5915,2066423,12517611939
72,sh000076,金融等权,4914.403,35.724,0.732,4878.6789,4895.6558,4930.5883,4894.5065,13119862,15283739996
73,sh000077,信息等权,4617.5365,51.471,1.127,4566.0653,4576.5018,4618.0988,4570.429,2282966,7641406417
74,sh000078,电信等权,2348.3405,23.281,1.001,2325.0599,2329.6738,2349.5963,2325.9349,1783188,2758159859
75,sh000079,公用等权,2102.3199,74.971,3.698,2027.3484,2032.3314,2107.9381,2032.3314,12676854,7819807990
76,sh000090,上证流通,1335.3518,21.209,1.614,1314.1426,1318.7167,1336.8291,1318.7167,172602709,197257921222
77,sh000091,沪财中小,9802.7812,139.613,1.445,9663.1683,9675.4211,9808.9853,9675.4211,13828908,14377927976
78,sh000092,资源50,3061.7045,40.069,1.326,3021.6356,3028.9869,3066.8708,3019.657,17805937,20448725570
79,sh000093,180分层,11879.047,204.357,1.75,11674.6899,11688.0073,11889.955,11688.0073,58709887,96175824951
80,sh000094,上证上游,2236.3831,30.675,1.391,2205.7085,2207.4901,2239.9483,2202.6323,13937436,13869495875
81,sh000095,上证中游,3326.9477,69.42,2.131,3257.5282,3276.6158,3329.8793,3276.5481,39402304,47719105118
82,sh000096,上证下游,6011.185,140.324,2.39,5870.8609,5892.4861,6027.6919,5892.4861,20056382,49071038955
83,sh000097,高端装备,8780.524,206.238,2.405,8574.2861,8593.0071,8789.1471,8591.0018,9092796,18597979361
84,sh000098,上证F200,4585.2531,48.182,1.062,4537.0712,4553.3968,4591.6858,4552.0656,72532768,84539426373
85,sh000099,上证F300,7343.2065,102.772,1.419,7240.4348,7249.0495,7352.0771,7249.0495,40557941,47301786618
86,sh000100,上证F500,5145.166,56.82,1.117,5088.3465,5104.7803,5152.0413,5104.7803,113090708,131841212991
87,sh000101,5年信用,211.5127,0.033,0.016,211.4795,211.5002,211.5182,211.4654,15234,13652652
88,sh000102,沪投资品,5564.1291,123.913,2.278,5440.2166,5458.4824,5573.7559,5458.4824,17497544,26807357261
89,sh000103,沪消费品,12898.4311,294.497,2.337,12603.9338,12639.9783,12934.8202,12634.9356,3745785,26687443749
90,sh000104,380能源,930.4275,1.117,0.12,929.3103,926.7715,935.2106,922.3397,2668303,1251596227
91,sh000105,380材料,4571.1871,74.128,1.648,4497.0595,4516.3752,4584.4093,4506.3538,9133950,9328576060
92,sh000106,380工业,5351.5195,107.581,2.052,5243.939,5255.5135,5356.2334,5255.3493,8497267,9673793037
93,sh000107,380可选,6145.0336,139.169,2.317,6005.8648,6011.3104,6154.3774,6011.3104,2990017,5350174438
94,sh000108,380消费,15026.8935,260.058,1.761,14766.8353,14722.2116,15058.5178,14716.1608,1260101,3033792346
95,sh000109,380医药,14257.9362,181.241,1.288,14076.6949,14106.7996,14273.8407,14073.4305,1231638,3463245247
96,sh000110,380金融,3142.1983,12.083,0.386,3130.1154,3131.5872,3148.1952,3129.6883,2797543,2574665942
97,sh000111,380信息,7535.7241,90.356,1.214,7445.368,7448.7821,7540.8343,7448.7821,1192600,3499458033
98,sh000112,380电信,4818.7668,38.085,0.797,4780.6822,4791.0189,4819.597,4774.3914,270212,594407416
99,sh000113,380公用,2149.4383,67.644,3.249,2081.7938,2081.9374,2156.7467,2081.9374,8129247,5043379725
100,sh000114,持续产业,1457.2953,29.298,2.052,1427.997,1431.9328,1461.1345,1431.9328,9073754,13118381345
101,sh000115,380等权,7404.4361,105.019,1.439,7299.4169,7308.1064,7409.5145,7308.1064,38170879,43813088471
102,sh000116,信用100,187.701,0.139,0.074,187.5624,187.5813,187.7094,187.4291,69341,63294621
103,sh000117,380成长,5922.5988,110.013,1.893,5812.5855,5829.5153,5926.205,5828.0555,6004065,11145079713
104,sh000118,380价值,7578.2029,94.468,1.262,7483.7346,7493.387,7592.0896,7493.387,20215646,13668324427
105,sh000119,380R成长,5008.2006,94.292,1.919,4913.9087,4924.0018,5011.5011,4924.0018,21236039,33190904246
106,sh000120,380R价值,6645.1762,90.702,1.384,6554.4746,6560.1118,6652.5289,6560.1118,35447620,35714148960
107,sh000121,医药主题,12162.4708,136.404,1.134,12026.0665,12035.8419,12183.6219,12027.5613,2745173,13546455783
108,sh000122,农业主题,1969.1616,32.262,1.666,1936.8999,1939.0097,1970.4544,1938.6206,5680831,9059940325
109,sh000123,180动态,7896.868,164.253,2.124,7732.6155,7766.1292,7909.5537,7766.1292,19610193,45438834532
110,sh000125,180稳定,12687.3503,174.259,1.393,12513.0912,12571.8734,12714.2224,12571.8734,39099694,50736990419
111,sh000126,消费50,12381.0099,352.923,2.934,12028.0867,12076.8266,12415.2502,12076.8266,7361158,26705232564
112,sh000128,380基本,6599.3353,76.565,1.174,6522.7698,6527.7928,6608.423,6527.7928,38170879,43813088471
113,sh000129,180波动,13578.3557,140.588,1.046,13437.7674,13468.4019,13595.1229,13468.4019,43477686,57267075260
114,sh000130,380波动,9900.5128,126.871,1.298,9773.6422,9785.121,9918.7011,9785.121,15187377,9565173916
115,sh000131,上证高新,2149.248,7.617,0.356,2141.6311,2140.0211,2150.2056,2132.5387,3147272,6695045437
116,sh000132,上证100,6898.5206,148.749,2.204,6749.7716,6769.0089,6902.5094,6766.708,8243075,10826073244
117,sh000133,上证150,4375.7518,63.996,1.484,4311.7557,4313.4468,4377.6097,4311.593,7241769,6963734231
118,sh000134,上证银行,888.6865,3.279,0.37,885.408,889.9211,894.5607,885.9107,13180327,9950093960
119,sh000135,180高贝,6838.1935,86.206,1.277,6751.988,6768.0454,6845.0935,6762.0334,15198736,30359457538
120,sh000136,180低贝,10453.9974,93.843,0.906,10360.1545,10362.641,10461.559,10362.641,28414686,22555498540
121,sh000137,380高贝,4689.6662,69.044,1.494,4620.6219,4622.3493,4692.0211,4622.3493,6063582,11168978326
122,sh000138,380低贝,6018.6457,91.855,1.55,5926.791,5937.2082,6025.5001,5937.2082,11423656,9142956785
123,sh000139,上证转债,327.1763,1.382,0.424,325.7942,326.0098,327.2917,326.0098,5646121,7696823598
124,sh000141,380动态,3792.8598,70.249,1.887,3722.6107,3726.3743,3795.0819,3726.3743,14362461,23853633120
125,sh000142,380稳定,7970.294,112.65,1.434,7857.6439,7872.3841,7975.8422,7871.982,23808418,19959455351
126,sh000145,优势资源,3910.6074,54.486,1.413,3856.1215,3860.3812,3920.9307,3849.4864,12280525,13195309633
127,sh000146,优势制造,7996.0214,190.461,2.44,7805.5607,7829.1268,8007.6312,7829.1268,8871646,17770799643
128,sh000147,优势消费,10064.1329,235.82,2.399,9828.3128,9854.4996,10093.309,9854.4996,3851228,24158997411
129,sh000148,消费领先,11450.4291,242.031,2.159,11208.3985,11252.9663,11468.4064,11252.9663,15236036,48589257860
130,sh000149,180红利,3470.9712,22.165,0.643,3448.8065,3457.8746,3483.6704,3453.5667,14969751,11390755655
131,sh000150,380红利,8759.3807,97.648,1.127,8661.7327,8670.6979,8780.8362,8670.6979,3364360,2332496599
132,sh000151,上国红利,1152.5875,8.273,0.723,1144.3149,1146.196,1157.1829,1144.6818,12356851,7529918203
133,sh000152,上央红利,1964.5436,18.834,0.968,1945.7095,1950.7889,1969.3361,1950.7889,15788466,11939021738
134,sh000153,上民红利,2629.3267,48.165,1.866,2581.1613,2590.848,2632.9794,2590.848,5522727,5893555391
135,sh000155,市值百强,3478.2844,54.782,1.6,3423.5027,3440.6287,3485.9825,3440.1116,33539221,74018225825
136,sh000158,上证环保,1665.8402,55.101,3.421,1610.7395,1614.3757,1667.5937,1614.3757,12023382,17583648181
137,sh000159,沪股通,3650.8232,59.377,1.653,3591.4457,3605.7356,3655.2887,3605.7356,104025036,145644720170
138,sh000160,沪新丝路,1727.8197,36.009,2.128,1691.8105,1701.1563,1730.1543,1701.1563,27131644,22960625981
139,sh000161,沪中国造,1987.1964,36.2,1.855,1950.9962,1955.0723,1988.575,1955.0723,23093012,42642743785
140,sh000162,沪互联+,3047.3838,35.233,1.17,3012.1506,3015.4128,3051.0499,3015.4128,8222714,20592577547
141,sh000170,50AH优选,6498.7542,112.694,1.765,6386.0607,6428.5456,6513.6106,6416.4506,12323386,36657899529
142,sh000171,新兴成指,0.0,0.0,0.0,0.0,0.0,0.0,0.0,0,0
143,sh000188,中国波指,0.0,0.0,0.0,0.0,0.0,0.0,0.0,0,0
144,sh000300,沪深300,5025.3569,99.01,2.01,4926.3469,4953.9453,5032.4485,4953.9453,95918257,182288108399
145,sh000688,科创50,1248.9021,29.192,2.393,1219.7097,1224.6435,1249.6048,1224.6435,2252317,11706200355
146,sh000802,500沪市,6470.6954,97.845,1.535,6372.8502,6378.8176,6477.1109,6378.8176,41453794,38529307625
147,sh000805,A股资源,0.0,0.0,0.0,0.0,0.0,0.0,0.0,0,0
148,sh000806,消费服务,0.0,0.0,0.0,0.0,0.0,0.0,0.0,0,0
149,sh000807,食品饮料,0.0,0.0,0.0,0.0,0.0,0.0,0.0,0,0
150,sh000808,医药生物,0.0,0.0,0.0,0.0,0.0,0.0,0.0,0,0
151,sh000816,细分地产,0.0,0.0,0.0,0.0,0.0,0.0,0.0,0,0
152,sh000819,有色金属,5129.586,125.296,2.504,5004.2896,5014.6609,5140.5507,5010.5259,19665978,23208183389
153,sh000821,300红利,0.0,0.0,0.0,0.0,0.0,0.0,0.0,0,0
154,sh000823,800有色,5290.6719,119.236,2.306,5171.436,5182.9355,5302.5946,5177.5068,12712782,15973396611
155,sh000827,中证环保,1827.2499,67.533,3.838,1759.7171,1771.218,1830.6209,1771.218,31657362,49887520100
156,sh000828,300高贝,0.0,0.0,0.0,0.0,0.0,0.0,0.0,0,0
157,sh000832,中证转债,0.0,0.0,0.0,0.0,0.0,0.0,0.0,0,0
158,sh000833,中高企债,0.0,0.0,0.0,0.0,0.0,0.0,0.0,0,0
159,sh000841,800医药,0.0,0.0,0.0,0.0,0.0,0.0,0.0,0,0
160,sh000842,800等权,0.0,0.0,0.0,0.0,0.0,0.0,0.0,0,0
161,sh000846,ESG 100,0.0,0.0,0.0,0.0,0.0,0.0,0.0,0,0
162,sh000847,腾讯济安,2784.7133,46.542,1.7,2738.1714,2741.4565,2786.45,2741.4565,14352522,17582628617
163,sh000849,300非银,10833.1606,103.258,0.962,10729.9025,10760.9807,10855.1101,10760.9807,8926342,17679622068
164,sh000851,百发100,17614.3802,491.311,2.869,17123.0695,17213.8773,17635.778,17209.6884,26363882,102305460439
165,sh000852,中证1000,6292.4752,101.763,1.644,6190.712,6198.5324,6295.6502,6198.5324,85451650,88415198786
166,sh000853,CSSW丝路,1981.8449,44.278,2.285,1937.5666,1951.1511,1984.3252,1949.9857,21233485,46232821477
167,sh000854,500原料,4772.6944,58.427,1.239,4714.2674,4722.8964,4793.096,4715.6237,20903277,19016626615
168,sh000855,央视500,1659.0151,33.507,2.061,1625.5085,1633.4007,1661.1905,1633.4007,124604928,233178855368
169,sh000856,500工业,5628.4192,110.527,2.003,5517.8926,5533.4273,5636.3581,5533.4273,20114072,23943056104
170,sh000857,500医药,14320.2099,114.429,0.806,14205.7806,14223.3914,14350.8052,14184.5989,2747345,5880236242
171,sh000858,500信息,7146.4954,44.051,0.62,7102.4447,7098.5402,7153.0234,7085.5783,6543972,7959805933
172,sh000860,结构调整,1094.1263,21.696,2.023,1072.4304,1076.3727,1095.2838,1076.3727,26095267,31276440493
173,sh000865,上海国企,1473.2173,18.72,1.287,1454.4973,1458.2081,1474.5678,1458.2081,5701109,6881511197
174,sh000867,港中小企,3560.3426,64.051,1.832,3496.2917,3512.976,3566.4743,3512.8421,11478011,10194493803
175,sh000869,HK银行,3044.599,-3.436,-0.113,3048.0351,3065.2726,3071.3742,3032.7797,4616925,3268759323
176,sh000891,新兴综指,1554.3867,39.682,2.62,1514.705,1521.7298,1555.9835,1521.7298,146174995,222026776510
177,sh000901,小康指数,5608.8746,76.367,1.38,5532.5079,5552.4299,5616.2619,5551.0398,40968399,51342293895
178,sh000903,中证100,5196.7727,91.636,1.795,5105.1364,5135.0641,5206.6865,5132.0946,40003952,98425223134
179,sh000904,中证200,0.0,0.0,0.0,0.0,0.0,0.0,0.0,0,0
180,sh000905,中证500,6240.5311,83.124,1.35,6157.4072,6164.8237,6249.5379,6164.8237,88849870,88261481122
181,sh000906,中证800,5208.9063,95.102,1.86,5113.8043,5137.3371,5215.7511,5137.3371,184768127,270549589521
182,sh000908,300能源,0.0,0.0,0.0,0.0,0.0,0.0,0.0,0,0
183,sh000909,300材料,0.0,0.0,0.0,0.0,0.0,0.0,0.0,0,0
184,sh000910,300工业,0.0,0.0,0.0,0.0,0.0,0.0,0.0,0,0
185,sh000911,300可选,0.0,0.0,0.0,0.0,0.0,0.0,0.0,0,0
186,sh000912,300消费,0.0,0.0,0.0,0.0,0.0,0.0,0.0,0,0
187,sh000913,300医药,16116.1364,529.984,3.4,15586.1524,15679.5506,16153.1752,15679.5506,3153330,22337556352
188,sh000914,300金融,6889.5994,46.535,0.68,6843.0645,6871.437,6911.5475,6859.073,24879173,31742279576
189,sh000917,300公用,0.0,0.0,0.0,0.0,0.0,0.0,0.0,0,0
190,sh000918,300成长,0.0,0.0,0.0,0.0,0.0,0.0,0.0,0,0
191,sh000919,300价值,0.0,0.0,0.0,0.0,0.0,0.0,0.0,0,0
192,sh000922,中证红利,0.0,0.0,0.0,0.0,0.0,0.0,0.0,0,0
193,sh000925,基本面50,0.0,0.0,0.0,0.0,0.0,0.0,0.0,0,0
194,sh000928,中证能源,1626.3999,4.619,0.285,1621.7806,1617.6026,1630.5281,1613.2253,4204012,2626712971
195,sh000931,中证可选,0.0,0.0,0.0,0.0,0.0,0.0,0.0,0,0
196,sh000932,中证消费,25307.7065,522.136,2.107,24785.5707,24890.194,25442.101,24805.1397,5329191,30868006435
197,sh000933,中证医药,14507.4571,372.66,2.636,14134.7976,14203.1168,14536.0296,14203.1168,5901729,28220295592
198,sh000934,中证金融,6504.7894,41.718,0.645,6463.0712,6487.5978,6524.5003,6477.0301,31208084,36368287522
199,sh000935,中证信息,5049.7888,109.615,2.219,4940.1739,4958.8288,5051.5061,4954.0758,18214384,31196623526
200,sh000939,民企200,0.0,0.0,0.0,0.0,0.0,0.0,0.0,0,0
201,sh000940,财富大盘,0.0,0.0,0.0,0.0,0.0,0.0,0.0,0,0
202,sh000944,内地资源,0.0,0.0,0.0,0.0,0.0,0.0,0.0,0,0
203,sh000950,300基建,0.0,0.0,0.0,0.0,0.0,0.0,0.0,0,0
204,sh000951,300银行,0.0,0.0,0.0,0.0,0.0,0.0,0.0,0,0
205,sh000952,300地产,0.0,0.0,0.0,0.0,0.0,0.0,0.0,0,0
206,sh000957,300运输,0.0,0.0,0.0,0.0,0.0,0.0,0.0,0,0
207,sh000958,创业成长,0.0,0.0,0.0,0.0,0.0,0.0,0.0,0,0
208,sh000959,银河99,0.0,0.0,0.0,0.0,0.0,0.0,0.0,0,0
209,sh000961,中证上游,0.0,0.0,0.0,0.0,0.0,0.0,0.0,0,0
210,sh000963,中证下游,0.0,0.0,0.0,0.0,0.0,0.0,0.0,0,0
211,sh000964,中证新兴,0.0,0.0,0.0,0.0,0.0,0.0,0.0,0,0
212,sh000966,基本400,0.0,0.0,0.0,0.0,0.0,0.0,0.0,0,0
213,sh000969,300非周,0.0,0.0,0.0,0.0,0.0,0.0,0.0,0,0
214,sh000971,等权90,0.0,0.0,0.0,0.0,0.0,0.0,0.0,0,0
215,sh000974,800金融,6837.2201,45.65,0.672,6791.5703,6818.3349,6857.022,6805.4329,26264471,32278297175
216,sh000975,钱江30,0.0,0.0,0.0,0.0,0.0,0.0,0.0,0,0
217,sh000977,内地低碳,0.0,0.0,0.0,0.0,0.0,0.0,0.0,0,0
218,sh000978,医药100,0.0,0.0,0.0,0.0,0.0,0.0,0.0,0,0
219,sh000979,大宗商品,0.0,0.0,0.0,0.0,0.0,0.0,0.0,0,0
220,sh000982,500等权,7267.6366,88.81,1.237,7178.8265,7187.2501,7278.5163,7187.2501,88849870,88261481122
221,sh000983,智能资产,0.0,0.0,0.0,0.0,0.0,0.0,0.0,0,0
222,sh000984,300等权,0.0,0.0,0.0,0.0,0.0,0.0,0.0,0,0
223,sh000986,全指能源,1481.0703,4.285,0.29,1476.7852,1473.2977,1483.8231,1468.7951,8076637,4562627425
224,sh000987,全指材料,3663.0278,64.407,1.79,3598.6213,3609.6684,3667.8595,3605.5531,67131201,65935470144
225,sh000989,全指可选,5870.2321,116.788,2.03,5753.4446,5783.9397,5877.0338,5783.9397,40485130,47492224630
226,sh000990,全指消费,0.0,0.0,0.0,0.0,0.0,0.0,0.0,0,0
227,sh000991,全指医药,14283.3211,342.152,2.454,13941.1693,14010.5476,14309.1756,14005.4319,13300395,42531538363
228,sh000992,全指金融,6161.9022,38.137,0.623,6123.7654,6146.2974,6179.9422,6135.2763,35145870,39008022249
229,sh000993,全指信息,6224.9163,110.673,1.81,6114.2435,6130.8787,6226.5378,6125.443,40691452,57845306306
230,sh000998,中证TMT,0.0,0.0,0.0,0.0,0.0,0.0,0.0,0,0
231,sz399001,深证成指,13733.913,312.751,2.33,13421.162,13493.357,13753.398,13493.357,23343781547,289020025846
232,sz399002,深成指R,17048.949,388.24,2.33,16660.709,16750.33,17073.139,16750.33,8864493716,163447562838
233,sz399003,成份Ｂ指,7284.011,52.762,0.73,7231.249,7215.075,7296.521,7183.531,7394793,37912879
234,sz399004,深证100R,8584.919,236.492,2.833,8348.427,8410.673,8598.079,8410.673,3109244650,90498574919
235,sz399005,中小板指,8935.299,224.178,2.573,8711.121,8756.047,8950.553,8753.106,10250371951,115998703088
236,sz399006,创业板指,2738.663,82.664,3.112,2655.999,2672.909,2743.375,2672.909,5435532650,101145388100
237,sz399007,深证300,6025.836,144.284,2.453,5881.552,5916.445,6035.212,5916.445,6649716589,138932028533
238,sz399008,中小300,1642.393,34.874,2.169,1607.519,1613.845,1644.603,1613.845,4806554136,71537237694
239,sz399009,深证200,4831.932,72.718,1.528,4759.214,4769.778,4840.374,4769.778,3540471939,48433453615
240,sz399010,深证700,6589.029,89.554,1.378,6499.475,6503.979,6592.775,6502.886,7343920485,64884473998
241,sz399011,深证1000,6270.415,133.516,2.176,6136.899,6165.007,6278.161,6165.007,13993637074,203816502531
242,sz399012,创业300,3586.274,95.625,2.739,3490.649,3509.134,3591.451,3509.134,2539355432,61724233274
243,sz399013,深市精选,5970.007,117.224,2.003,5852.783,5881.173,5978.816,5881.054,5293812382,103226098190
244,sz399015,中小创新,2105.936,26.814,1.29,2079.122,2079.129,2107.047,2078.16,5129143358,40368939693
245,sz399016,深证创新,4189.202,86.086,2.098,4103.116,4119.83,4192.757,4118.967,1273472844,44938073809
246,sz399017,SME创新,3604.675,72.623,2.056,3532.052,3540.55,3607.094,3539.921,1833173847,33755717053
247,sz399018,创业创新,4272.506,83.492,1.993,4189.014,4203.757,4276.572,4203.757,600295327,28030300847
248,sz399050,创新引擎,3233.694,73.77,2.335,3159.924,3178.065,3237.682,3178.065,1521137943,27375886976
249,sz399088,深创100,4410.251,131.937,3.084,4278.314,4309.958,4416.274,4309.958,2482741932,71654660182
250,sz399100,新 指 数,10061.985,200.22,2.03,9861.765,9898.114,10072.892,9898.114,22360238147,281490841351
251,sz399101,中小板综,12198.494,225.779,1.886,11972.715,12005.417,12211.908,12005.417,10250371951,115998703088
252,sz399102,创业板综,2853.85,68.562,2.462,2785.288,2796.171,2857.164,2796.171,5435532650,101145388100
253,sz399103,乐富指数,7972.339,140.693,1.796,7831.646,7854.561,7976.097,7854.561,5522893547,8310718085
254,sz399106,深证综指,2210.453,44.053,2.033,2166.4,2174.189,2212.656,2174.189,23343781547,289020025846
255,sz399107,深证Ａ指,2312.878,46.14,2.036,2266.738,2274.904,2315.187,2274.904,23328315123,288955665445
256,sz399108,深证Ｂ指,1105.994,8.527,0.777,1097.467,1096.744,1106.71,1094.062,15466424,64360401
257,sz399231,农林指数,1727.083,-11.828,-0.68,1738.911,1742.587,1742.587,1712.792,448542930,5132584662
258,sz399232,采矿指数,1885.943,6.105,0.325,1879.838,1871.686,1891.842,1870.257,348065952,1938731139
259,sz399233,制造指数,2697.414,65.067,2.472,2632.347,2644.86,2700.181,2644.86,12997692162,190999949583
260,sz399234,水电指数,863.741,34.578,4.17,829.163,829.489,866.928,829.489,2007129744,14475869498
261,sz399235,建筑指数,1104.546,14.443,1.325,1090.103,1086.331,1105.315,1085.258,719261257,3440485167
262,sz399236,批零指数,1421.451,11.796,0.837,1409.655,1409.966,1422.773,1409.966,401442435,4636846450
263,sz399237,运输指数,1382.45,5.38,0.391,1377.07,1378.812,1392.219,1364.02,133595821,2274972667
264,sz399238,餐饮指数,1047.967,1.635,0.156,1046.332,1041.991,1061.438,1035.04,52339721,230990560
265,sz399239,IT指数,1672.97,17.74,1.072,1655.23,1655.566,1675.003,1653.224,1965000104,20983021679
266,sz399240,金融指数,1373.552,17.515,1.292,1356.037,1360.357,1376.431,1359.012,671669006,10892608066
267,sz399241,地产指数,2479.756,9.788,0.396,2469.968,2475.854,2493.402,2475.854,507341062,3735482331
268,sz399242,商务指数,1289.326,21.025,1.658,1268.301,1275.19,1307.119,1273.368,498231478,3918455839
269,sz399243,科研指数,2423.125,37.622,1.577,2385.503,2388.036,2432.1,2380.626,349999803,5184838206
270,sz399244,公共指数,806.027,13.472,1.7,792.555,793.512,808.758,789.909,810840743,6628787686
271,sz399248,文化指数,991.093,7.558,0.768,983.535,982.022,995.65,982.022,230007168,2072943023
272,sz399249,综企指数,943.865,22.966,2.494,920.899,924.259,948.069,921.685,42409807,347800170
273,sz399269,创质量,5828.402,164.709,2.908,5663.693,5693.24,5841.47,5693.24,559180641,24751645611
274,sz399275,创医药,6062.832,156.875,2.656,5905.957,5948.865,6082.008,5928.5,271690636,13937936836
275,sz399276,创科技,6053.887,207.053,3.541,5846.834,5893.603,6064.488,5893.467,429395140,22077413386
276,sz399277,公共健康,3559.152,63.401,1.814,3495.751,3506.795,3563.716,3500.032,384515243,12583594423
277,sz399278,长江100,2402.972,64.339,2.751,2338.633,2351.708,2407.377,2351.708,2135567285,52680082981
278,sz399279,云科技50,3167.391,74.033,2.393,3093.358,3106.623,3171.625,3103.836,595494898,14403875961
279,sz399280,生物50,4678.679,101.964,2.228,4576.715,4603.84,4688.444,4596.769,272692054,11655060798
280,sz399281,电子50,3562.476,91.523,2.637,3470.953,3493.822,3564.279,3488.644,1239005551,16412768344
281,sz399282,大数据50,4559.242,86.383,1.931,4472.859,4491.079,4569.416,4489.673,771300530,11982859566
282,sz399283,机器人50,3309.105,81.756,2.533,3227.349,3232.706,3311.19,3232.706,357001385,6345124775
283,sz399284,AI 50,3407.936,78.893,2.37,3329.043,3336.013,3412.641,3327.977,565186661,11352907458
284,sz399285,物联网50,3973.15,100.854,2.605,3872.296,3895.915,3982.311,3895.915,768732598,16636137345
285,sz399286,区块链50,3586.823,37.43,1.055,3549.393,3552.043,3594.67,3549.402,1314255561,17754403563
286,sz399290,深转交债,143.404,1.194,0.84,142.21,142.372,143.459,142.372,36986144,4667494091
287,sz399291,创精选88,3311.603,30.1,0.917,3281.503,3282.37,3314.951,3276.729,603378879,7594972816
288,sz399292,民企发展,1119.741,12.999,1.175,1106.742,1105.921,1120.422,1105.789,3568562211,23870488160
289,sz399293,创业大盘,5361.479,179.163,3.457,5182.316,5223.159,5372.047,5222.505,682135626,37304235515
290,sz399294,中小创Q,4162.33,84.433,2.071,4077.897,4101.063,4172.461,4096.474,897814347,22670927939
291,sz399295,创业蓝筹,6011.246,120.343,2.043,5890.903,5923.035,6019.741,5911.305,349711203,17723830683
292,sz399296,创成长,6037.965,216.561,3.72,5821.404,5877.722,6051.135,5877.263,628452387,36097404898
293,sz399297,新浪100,3415.758,35.72,1.057,3380.038,3381.165,3418.0,3372.82,815858663,5012463549
294,sz399298,深信中高,180.799,0.008,0.004,180.791,180.811,180.815,180.797,523180,50574365
295,sz399299,深信中低,203.777,-0.17,-0.083,203.947,203.977,203.977,203.762,160600,15838897
296,sz399300,沪深300,5025.558,99.211,2.014,4926.347,4953.945,5032.449,4953.945,9589229200,182231333170
297,sz399301,深信用债,183.996,0.009,0.005,183.987,184.008,184.012,183.994,523180,50574365
298,sz399302,深公司债,188.179,-0.001,-0.001,188.18,188.201,188.205,188.176,323180,30442365
299,sz399303,国证2000,6945.088,94.317,1.377,6850.771,6851.64,6948.575,6851.64,14574824686,123571901051
300,sz399306,深证ETF,1589.256,29.707,1.905,1559.549,1564.259,1590.197,1564.259,5044433145,7672000492
301,sz399307,深证转债,257.134,2.123,0.833,255.011,255.355,257.209,255.355,78711712,11188625883
302,sz399310,国证A50,8612.094,187.066,2.22,8425.028,8484.296,8628.597,8481.549,2113907705,78015069028
303,sz399311,国证1000,4922.799,93.573,1.938,4829.226,4851.583,4928.887,4851.583,20353408811,304947580080
304,sz399312,国证300,5796.349,126.878,2.238,5669.471,5702.764,5804.813,5702.764,8066831772,188024995113
305,sz399313,巨潮100,6070.915,115.396,1.938,5955.519,5992.382,6081.458,5991.721,3975030544,105198097977
306,sz399314,巨潮大盘,5410.382,110.213,2.079,5300.169,5331.937,5418.491,5331.937,7595457699,156966122219
307,sz399315,巨潮中盘,4598.871,76.989,1.703,4521.882,4533.474,4602.793,4533.474,5149404241,72940165227
308,sz399316,巨潮小盘,4867.284,79.654,1.664,4787.63,4795.983,4872.8,4795.983,7608546871,75041292634
309,sz399317,国证Ａ指,5617.93,100.121,1.815,5517.809,5537.816,5623.955,5537.816,40092539702,482866156780
310,sz399318,国证Ｂ指,4077.234,25.246,0.623,4051.988,4051.735,4078.76,4049.06,22936216,107880542
311,sz399319,资源优势,1810.229,25.627,1.436,1784.602,1784.62,1813.654,1782.214,3421989936,25785601318
312,sz399320,国证服务,2187.758,42.339,1.973,2145.419,2151.205,2192.022,2151.205,3252418684,25615638686
313,sz399321,国证红利,7955.821,102.574,1.306,7853.247,7897.854,7974.8,7879.342,2258275966,44552598518
314,sz399322,国证治理,11248.958,224.338,2.035,11024.62,11089.32,11265.92,11089.32,1324868967,40292222408
315,sz399324,深证红利,13313.419,264.251,2.025,13049.168,13150.591,13341.992,13118.238,1332830091,30826173209
316,sz399326,成长40,7053.81,241.56,3.546,6812.25,6872.27,7067.095,6859.094,657894171,19496542643
317,sz399328,深证治理,13843.922,355.805,2.638,13488.117,13601.399,13863.118,13592.482,725062983,30120935426
318,sz399330,深证100,6598.099,181.761,2.833,6416.338,6464.178,6608.212,6464.178,3109244650,90498574919
319,sz399333,中小板R,10149.902,254.651,2.573,9895.251,9946.283,10167.229,9942.943,2321538063,48897865044
320,sz399335,深证央企,4691.469,91.53,1.99,4599.939,4622.072,4696.918,4618.391,885227561,10342833824
321,sz399337,深证民营,6140.131,170.432,2.855,5969.699,6007.151,6149.089,6005.865,1743941073,64048817274
322,sz399339,深证科技,8406.813,264.961,3.254,8141.852,8195.782,8417.837,8195.782,2004976333,56777745709
323,sz399341,深证责任,2411.063,56.394,2.395,2354.669,2372.521,2414.803,2370.882,1851680361,47566715512
324,sz399344,深证300R,7328.822,175.484,2.453,7153.338,7195.777,7340.225,7195.777,6649716589,138932028533
325,sz399346,深证成长,5129.81,146.717,2.944,4983.093,5025.397,5139.47,5017.907,1572605521,54817703019
326,sz399348,深证价值,7786.543,107.462,1.399,7679.081,7723.533,7799.805,7714.645,3342069507,37075887963
327,sz399350,皖江30,2293.761,46.66,2.076,2247.101,2256.085,2300.759,2253.759,480118390,10068989791
328,sz399351,创新示范,10367.374,189.874,1.866,10177.5,10224.862,10380.726,10224.862,1972196298,37686741168
329,sz399352,深企综指,9362.265,143.374,1.555,9218.891,9258.01,9374.471,9258.01,3295909545,49814072798
330,sz399353,国证物流,2495.351,39.458,1.607,2455.893,2465.229,2505.196,2465.229,927215527,8755680734
331,sz399354,分析师指数,9396.252,191.481,2.08,9204.771,9254.469,9406.648,9254.469,3859952434,115851193240
332,sz399355,长三角,4064.92,76.082,1.907,3988.838,4010.274,4067.974,4007.608,1103070658,24030961504
333,sz399356,珠三角,12494.979,191.756,1.559,12303.223,12387.063,12513.887,12367.402,1247023365,34771346783
334,sz399357,环渤海,3300.318,46.923,1.442,3253.395,3265.686,3305.218,3261.945,2312972069,24173615252
335,sz399358,国证环保,4943.334,179.932,3.777,4763.402,4795.264,4951.953,4795.264,2333143719,38914736920
336,sz399359,国证基建,2554.82,24.791,0.98,2530.029,2533.874,2559.863,2533.874,1668286468,12130252837
337,sz399360,新硬件,4339.125,63.774,1.492,4275.351,4279.72,4343.053,4277.79,1253591291,20630851403
338,sz399361,在线消费,4337.887,50.022,1.167,4287.865,4297.475,4349.001,4284.184,677940627,8451364174
339,sz399362,民企100,8993.7,274.614,3.15,8719.086,8779.854,9007.285,8778.847,2108982144,84195566350
340,sz399363,云科技,4812.7,113.599,2.417,4699.101,4723.787,4816.541,4718.439,564279546,16690989136
341,sz399364,消费100,12045.936,327.176,2.792,11718.76,11800.879,12067.747,11800.879,2555268015,83191452107
342,sz399365,国证农业,18930.439,403.984,2.181,18526.455,18624.785,19038.16,18511.141,542269999,30710865023
343,sz399366,国证大宗,2387.825,37.703,1.604,2350.122,2358.135,2391.779,2354.295,4029131188,37239194964
344,sz399367,1000地产,5011.142,23.737,0.476,4987.405,4995.819,5028.87,4995.819,547614602,4275768543
345,sz399368,国证军工,7185.708,84.629,1.192,7101.079,7093.301,7197.495,7090.88,396974813,7729773694
346,sz399369,国证责任,1980.326,42.444,2.19,1937.882,1953.28,1983.333,1950.956,1734941205,34480864169
347,sz399370,国证成长,5827.144,153.809,2.711,5673.335,5712.203,5838.549,5705.841,6315587698,136073833234
348,sz399371,国证价值,6734.897,72.376,1.086,6662.521,6687.828,6744.604,6687.828,9135083959,77781137728
349,sz399372,大盘成长,6356.435,183.136,2.967,6173.299,6225.814,6372.555,6206.745,2222941614,77866772686
350,sz399373,大盘价值,8199.603,72.797,0.896,8126.806,8164.376,8218.499,8160.215,2884537133,30695452508
351,sz399374,中盘成长,5379.192,110.073,2.089,5269.119,5288.742,5385.386,5288.742,1327789682,28862770407
352,sz399375,中盘价值,5568.199,89.598,1.635,5478.601,5497.082,5576.785,5497.082,2995008596,25809022502
353,sz399376,小盘成长,5722.254,130.609,2.336,5591.645,5609.426,5727.142,5609.426,2764856402,29344290141
354,sz399377,小盘价值,6376.881,78.374,1.244,6298.507,6302.541,6388.191,6302.541,3255538230,21276662718
355,sz399378,ESG 300,3098.735,68.147,2.249,3030.588,3049.831,3103.58,3049.831,6227330015,145934055250
356,sz399379,国证基金,8275.509,129.141,1.585,8146.368,8165.438,8281.688,8165.438,14595396646,23260866880
357,sz399380,国证ETF,1642.344,25.819,1.597,1616.525,1620.348,1643.684,1620.348,14011968523,22498258670
358,sz399381,1000能源,1849.974,5.291,0.287,1844.683,1841.122,1852.906,1836.334,612619386,3798292335
359,sz399382,1000材料,3056.574,63.228,2.112,2993.346,3005.832,3061.515,3002.452,4606091081,48666229884
360,sz399383,1000工业,2865.022,75.787,2.717,2789.235,2804.124,2869.33,2804.124,3312403002,46758041901
361,sz399384,1000可选,4604.864,101.741,2.259,4503.123,4533.893,4610.886,4526.088,1990759410,29602851646
362,sz399385,1000消费,15994.064,352.169,2.251,15641.895,15711.405,16067.695,15646.548,705969369,35099270265
363,sz399386,1000医药,10304.646,268.222,2.672,10036.424,10091.97,10326.6,10087.914,717217305,35052472187
364,sz399387,1000金融,5408.963,35.789,0.666,5373.174,5394.697,5424.259,5384.297,2770158603,32328134589
365,sz399388,1000信息,4891.623,120.3,2.521,4771.323,4795.667,4894.32,4795.462,2780604135,51647878628
366,sz399389,国证通信,3291.81,46.583,1.435,3245.227,3257.208,3294.347,3256.194,386064471,5927255956
367,sz399390,1000公用,2262.04,55.252,2.504,2206.788,2205.838,2272.294,2205.838,2074797439,13042770762
368,sz399391,投资时钟,4059.696,76.319,1.916,3983.377,4009.223,4073.602,3997.897,2124373168,48379611683
369,sz399392,国证新兴,2920.238,73.483,2.581,2846.755,2860.692,2923.313,2860.692,3338226722,87543310451
370,sz399393,国证地产,5404.766,28.69,0.534,5376.076,5385.709,5421.188,5385.709,564328210,4598573557
371,sz399394,国证医药,15948.109,424.433,2.734,15523.676,15607.716,15985.595,15598.541,542186754,32218910162
372,sz399395,国证有色,5014.87,121.897,2.491,4892.973,4903.984,5025.335,4897.22,1976352966,22914205678
373,sz399396,国证食品,31179.826,857.484,2.828,30322.342,30455.494,31330.299,30427.533,321784267,26797054016
374,sz399397,国证文化,2446.458,51.317,2.143,2395.141,2405.84,2448.604,2405.84,1047852970,21065018653
375,sz399398,绩效指数,12681.345,325.699,2.636,12355.646,12419.857,12699.001,12417.273,1076548698,44852588525
376,sz399399,中经GDP,8879.588,167.853,1.927,8711.735,8758.328,8895.66,8758.328,7927133989,130160325626
377,sz399400,大中盘,4339.253,84.627,1.989,4254.626,4276.627,4345.07,4276.627,12744861940,229906287446
378,sz399401,中小盘,4299.066,71.26,1.686,4227.806,4237.123,4303.102,4237.123,12757951112,147981457861
379,sz399402,周期100,3619.29,78.865,2.228,3540.425,3558.995,3623.358,3558.995,4284856648,63211125409
380,sz399403,防御100,11363.454,282.435,2.549,11081.019,11140.568,11394.276,11126.328,1231618934,55776160049
381,sz399404,大盘低波,5008.49,35.152,0.707,4973.338,4984.341,5020.19,4982.27,2991722447,30300638962
382,sz399405,大盘高贝,2749.957,62.14,2.312,2687.817,2701.2,2752.415,2701.148,2181494413,56914469135
383,sz399406,中盘低波,11973.216,152.134,1.287,11821.082,11849.23,11990.434,11849.23,2511370669,20426747449
384,sz399407,中盘高贝,2734.084,35.028,1.298,2699.056,2703.258,2736.319,2699.267,1426660813,26262954531
385,sz399408,小盘低波,11825.772,122.605,1.048,11703.167,11709.551,11848.621,11709.551,2305659902,13983452267
386,sz399409,小盘高贝,4057.887,64.315,1.61,3993.572,3995.636,4059.732,3995.636,2117911923,30100858000
387,sz399410,苏州率先,2140.581,44.163,2.107,2096.418,2099.356,2142.739,2099.356,325843345,4286862941
388,sz399411,红利100,3475.109,39.786,1.158,3435.323,3445.322,3477.859,3443.664,2913777882,34462267673
389,sz399412,国证新能,2705.797,125.598,4.868,2580.199,2602.43,2711.008,2602.43,1916347992,50076940642
390,sz399413,国证转债,135.867,0.748,0.554,135.119,135.245,135.902,135.245,142076002,19926331484
391,sz399415,I100,7450.4,192.223,2.648,7258.177,7295.436,7461.487,7295.436,1969233540,101256020293
392,sz399416,I300,4339.403,95.414,2.248,4243.989,4270.418,4346.211,4270.418,6166206249,166038149789
393,sz399417,新能源车,3146.273,121.665,4.023,3024.608,3037.283,3149.875,3037.283,1484731883,33498122898
394,sz399418,国证国安,3494.663,51.925,1.508,3442.738,3446.932,3496.12,3446.696,1688105182,32673301715
395,sz399419,国证高铁,1634.681,24.044,1.493,1610.637,1612.323,1637.106,1612.323,750659433,6313804551
396,sz399420,国证保证,1394.313,13.608,0.986,1380.705,1384.192,1396.531,1383.028,749835251,15631633973
397,sz399422,中关村A,3271.563,64.041,1.997,3207.522,3216.24,3273.294,3216.24,3225652717,35043167813
398,sz399423,中关村50,3135.532,72.111,2.354,3063.421,3077.763,3138.189,3077.0,1195133455,16128812305
399,sz399427,专利领先,3042.237,90.283,3.058,2951.954,2959.085,3046.198,2959.085,2358553367,40991069574
400,sz399428,国证定增,2817.909,44.392,1.601,2773.517,2781.692,2819.791,2781.692,1976989230,23593372638
401,sz399429,新丝路,1404.094,26.746,1.942,1377.348,1379.717,1405.343,1379.717,1704147954,20114041411
402,sz399431,国证银行,7309.399,33.939,0.466,7275.46,7314.883,7360.436,7276.2,1377731565,11665206645
403,sz399432,智能汽车,4965.157,220.101,4.639,4745.056,4780.427,4972.055,4780.427,258304208,21489001563
404,sz399433,国证交运,1831.694,32.293,1.795,1799.401,1806.636,1838.931,1806.636,1006509149,9264142176
405,sz399434,国证传媒,1978.371,21.494,1.098,1956.877,1961.908,1996.224,1961.654,579738875,4535521907
406,sz399435,国证农牧,5311.346,25.382,0.48,5285.964,5301.832,5335.624,5247.563,629968979,9796476290
407,sz399436,国证煤炭,2603.438,0.977,0.038,2602.461,2598.717,2612.646,2585.524,435242214,3113819533
408,sz399437,证券龙头,6157.93,46.847,0.767,6111.083,6121.034,6167.394,6097.075,729457742,12163978181
409,sz399438,国证电力,2017.931,36.971,1.866,1980.96,1975.396,2030.988,1975.396,2676361829,16869213880
410,sz399439,国证油气,1130.004,6.577,0.585,1123.427,1121.805,1131.349,1120.813,256594880,1085696684
411,sz399440,国证钢铁,1379.58,16.515,1.212,1363.065,1366.033,1387.984,1364.017,1534871692,5555493886
412,sz399441,生物医药,5265.598,142.519,2.782,5123.079,5146.884,5279.908,5145.582,214631224,15117756150
413,sz399481,企债指数,127.445,0.002,0.002,127.443,127.443,127.446,127.439,7213780,703721019
414,sz399550,央视50,8751.847,147.874,1.719,8603.973,8648.398,8763.608,8647.969,1161186139,37067136716
415,sz399551,央视创新,9295.652,297.862,3.31,8997.79,9043.594,9304.901,9043.594,981707305,20643209504
416,sz399552,央视成长,10518.834,188.301,1.823,10330.533,10396.181,10536.523,10382.314,1485461047,40234719847
417,sz399553,央视回报,9336.83,202.068,2.212,9134.762,9179.608,9357.808,9162.621,587809045,30891046194
418,sz399554,央视治理,8975.942,145.851,1.652,8830.091,8885.742,8991.076,8884.785,1514003716,33085535539
419,sz399555,央视责任,5788.96,112.261,1.978,5676.699,5711.189,5796.024,5707.518,1683006428,29520819696
420,sz399556,央视生态,2726.567,101.532,3.868,2625.035,2645.84,2731.547,2645.84,1882010034,37615909974
421,sz399557,央视文化,2109.286,47.456,2.302,2061.83,2071.551,2111.968,2071.551,1082775699,21155641709
422,sz399602,中小成长,1477.956,37.921,2.633,1440.035,1447.697,1480.071,1446.872,2024045087,34608364183
423,sz399604,中小价值,2033.903,40.982,2.056,1992.921,2001.658,2036.522,2001.658,1427369771,19896563826
424,sz399606,创业板R,2907.149,87.749,3.112,2819.4,2837.35,2912.151,2837.35,1110773787,45585584557
425,sz399608,科技100,3533.647,105.489,3.077,3428.158,3447.529,3536.766,3447.529,1321219818,42070358865
426,sz399610,TMT50,6873.769,207.286,3.109,6666.483,6718.51,6877.255,6715.87,1698056151,31013419157
427,sz399611,中创100R,3037.299,91.778,3.116,2945.521,2965.342,3041.806,2964.416,1955777802,68290021429
428,sz399612,中创100,2728.76,82.454,3.116,2646.306,2664.114,2732.809,2663.281,1955777802,68290021429
429,sz399613,深证能源,2618.74,12.172,0.467,2606.568,2602.212,2627.147,2592.644,118586234,900201838
430,sz399614,深证材料,3377.125,79.22,2.402,3297.905,3304.096,3382.023,3304.096,1935785232,26459820834
431,sz399615,深证工业,3659.207,112.886,3.183,3546.321,3567.508,3668.471,3567.508,1508906759,28475971184
432,sz399616,深证可选,6924.316,122.528,1.801,6801.788,6853.905,6932.706,6832.972,743428972,15052269310
433,sz399617,深证消费,17491.188,302.92,1.762,17188.268,17276.139,17582.104,17126.869,166454875,12440541108
434,sz399618,深证医药,17096.971,423.5,2.54,16673.471,16773.883,17135.713,16747.07,364181890,20116600294
435,sz399619,深证金融,6936.771,72.15,1.051,6864.621,6883.631,6950.505,6875.607,456261323,8788979144
436,sz399620,深证信息,4519.632,119.263,2.71,4400.369,4423.617,4521.381,4421.667,2182791462,37549010690
437,sz399621,深证电信,2879.202,54.177,1.918,2825.025,2843.042,2884.753,2843.042,118280224,2978316861
438,sz399622,深证公用,1922.373,76.798,4.161,1845.575,1849.188,1929.832,1849.188,1249857861,8711650942
439,sz399623,中小基础,8801.372,182.407,2.116,8618.965,8650.405,8812.237,8650.405,5649143273,78186221598
440,sz399624,中创400,2060.008,31.876,1.572,2028.132,2031.999,2062.242,2031.999,4727083994,58453741403
441,sz399625,中创500,2203.69,53.286,2.478,2150.404,2160.588,2206.187,2160.588,6682861796,126743762832
442,sz399626,中创成长,2023.489,63.67,3.249,1959.819,1973.729,2026.229,1973.075,2408298754,54778755108
443,sz399627,中创价值,2294.075,51.451,2.294,2242.624,2252.45,2296.78,2252.45,3033258050,37905234633
444,sz399628,700成长,1897.543,38.023,2.045,1859.52,1864.847,1898.644,1864.847,2036422282,22380497439
445,sz399629,700价值,2367.56,34.859,1.494,2332.701,2334.624,2369.188,2334.583,2947711885,23387996550
446,sz399630,1000成长,1877.821,50.97,2.79,1826.851,1839.822,1880.784,1839.822,4335943988,89954741938
447,sz399631,1000价值,2403.056,35.681,1.507,2367.375,2378.395,2406.046,2378.395,6404601482,64321241537
448,sz399632,深100EW,6150.73,153.13,2.553,5997.6,6033.51,6157.667,6033.51,3109244650,90498574919
449,sz399633,深300EW,6231.922,105.103,1.715,6126.819,6147.293,6240.932,6147.293,6649716589,138932028533
450,sz399634,中小板EW,4300.875,80.168,1.899,4220.707,4234.02,4305.528,4234.02,2321538063,48897865044
451,sz399635,创业板EW,2242.284,43.43,1.975,2198.854,2205.152,2246.304,2205.152,1110773787,45585584557
452,sz399636,深证装备,4527.885,133.28,3.033,4394.605,4422.759,4533.021,4422.759,1436875555,25377087881
453,sz399637,深证地产,3620.064,16.204,0.45,3603.86,3604.922,3628.059,3604.519,257210528,2275822033
454,sz399638,深证环保,5662.586,257.503,4.764,5405.083,5447.407,5671.971,5447.407,1974694837,32768331070
455,sz399639,深证大宗,2262.145,27.791,1.244,2234.354,2236.6,2268.619,2229.906,1249067985,13942169626
456,sz399640,创业基础,2297.196,59.327,2.651,2237.869,2249.162,2300.407,2249.162,3093612555,64647682587
457,sz399641,深证新兴,2629.917,71.56,2.797,2558.357,2575.064,2633.333,2575.064,4527817436,95476419305
458,sz399642,中小新兴,2132.414,62.471,3.018,2069.943,2080.113,2134.335,2080.113,2351045626,42354902248
459,sz399643,创业新兴,3186.558,100.654,3.262,3085.904,3106.012,3191.653,3105.727,1016876152,38444026588
460,sz399644,深证时钟,4808.695,104.628,2.224,4704.067,4734.935,4821.698,4728.284,2099736872,33012400933
461,sz399645,100低波,11537.973,242.525,2.147,11295.448,11361.021,11554.409,11359.177,1177909036,38086839908
462,sz399646,深消费50,11071.199,195.505,1.798,10875.694,10952.432,11106.795,10891.902,811447265,26914178206
463,sz399647,深医药50,16631.461,403.581,2.487,16227.88,16325.548,16670.299,16297.574,380245184,20306099283
464,sz399648,深证GDP,10378.355,150.867,1.475,10227.488,10252.837,10400.461,10246.356,3309543825,61744831350
465,sz399649,中小红利,3754.236,62.083,1.681,3692.153,3714.689,3765.819,3708.171,888651535,14625468609
466,sz399650,中小治理,3114.371,102.002,3.386,3012.369,3033.021,3119.719,3031.396,638759027,15749054026
467,sz399651,中小责任,2372.896,63.9,2.767,2308.996,2324.204,2377.418,2321.812,815377446,18540071923
468,sz399652,中创高新,3186.907,54.098,1.727,3132.809,3132.76,3194.905,3132.201,334999438,8870850061
469,sz399653,深证龙头,3423.823,88.219,2.645,3335.604,3364.029,3431.09,3361.058,1817506888,53150702044
470,sz399654,深证文化,2770.244,37.351,1.367,2732.893,2742.162,2772.76,2740.929,1298418621,16948740158
471,sz399655,深证绩效,12717.448,267.439,2.148,12450.009,12521.618,12731.327,12518.262,888072245,33391296858
472,sz399656,100绩效,8257.1,196.684,2.44,8060.416,8115.7,8266.566,8106.155,3109244650,90498574919
473,sz399657,300绩效,8013.296,136.936,1.739,7876.36,7912.043,8026.717,7905.659,6649716589,138932028533
474,sz399658,中小绩效,5416.755,84.625,1.587,5332.13,5352.728,5424.955,5347.716,2321538063,48897865044
475,sz399659,深成指EW,4283.383,66.672,1.581,4216.711,4227.159,4288.04,4227.159,8864493716,163447562838
476,sz399660,中创EW,3021.583,73.908,2.507,2947.675,2962.86,3024.761,2962.812,1955777802,68290021429
477,sz399661,深证低波,6106.896,86.226,1.432,6020.67,6044.084,6117.294,6044.084,2386184119,39517873683
478,sz399662,深证高贝,2138.151,46.539,2.225,2091.612,2097.876,2140.08,2097.876,3019264325,66223773115
479,sz399663,中小低波,1685.985,21.687,1.303,1664.298,1668.927,1687.911,1668.552,1202068819,16935091180
480,sz399664,中小高贝,1107.429,20.142,1.853,1087.287,1088.426,1107.959,1088.426,1910227969,36281692459
481,sz399665,中创低波,1927.296,27.288,1.436,1900.008,1904.918,1929.647,1904.918,2773670253,45054853039
482,sz399666,中创高贝,1486.294,27.752,1.903,1458.542,1460.907,1487.065,1460.907,2587394570,66184410399
483,sz399667,创业板G,4166.757,153.57,3.827,4013.187,4049.321,4174.954,4049.321,651082504,27156956766
484,sz399668,创业板V,3042.821,64.495,2.165,2978.326,2988.295,3047.311,2988.295,1278973349,19815296643
485,sz399669,深证农业,13582.971,200.094,1.495,13382.877,13441.396,13636.34,13330.512,391147082,16316382491
486,sz399670,深周期50,4102.481,130.403,3.283,3972.078,3997.781,4108.165,3997.781,1593430542,34670942290
487,sz399671,深防御50,10916.875,228.563,2.138,10688.312,10756.023,10944.816,10724.269,703849282,27473012715
488,sz399672,深红利50,4659.636,74.893,1.634,4584.743,4598.061,4665.516,4597.018,659361574,14637149672
489,sz399673,创业板50,2641.265,88.793,3.479,2552.472,2571.884,2646.526,2571.084,845555672,35996215218
490,sz399674,深A医药,3106.86,71.006,2.339,3035.854,3053.717,3112.289,3050.344,902343459,25952408664
491,sz399675,深互联网,2924.524,37.536,1.3,2886.988,2890.071,2928.594,2886.308,1389921709,16378236096
492,sz399676,深医药EW,3263.288,46.096,1.433,3217.192,3227.802,3265.877,3227.802,902343459,25952408664
493,sz399677,深互联EW,3397.574,17.41,0.515,3380.164,3375.921,3398.778,3364.305,1389921709,16378236096
494,sz399678,深次新股,1028.765,19.765,1.959,1009.0,1009.411,1029.535,1009.411,362965766,13485150150
495,sz399679,深证200R,5461.183,82.188,1.528,5378.995,5390.935,5470.725,5390.935,3540471939,48433453615
496,sz399680,深成能源,618.106,3.234,0.526,614.872,614.319,620.404,611.601,96087772,785262823
497,sz399681,深成材料,1217.784,28.817,2.424,1188.967,1191.309,1219.729,1191.309,1756600661,23722294902
498,sz399682,深成工业,1666.701,55.242,3.428,1611.459,1622.213,1671.473,1622.213,1290949084,26111598611
499,sz399683,深成可选,2098.542,32.27,1.562,2066.272,2083.312,2102.99,2069.246,826745183,15599532621
500,sz399684,深成消费,3578.59,75.292,2.149,3503.298,3522.543,3594.532,3493.768,316689799,15831814528
501,sz399685,深成医药,3342.908,83.719,2.569,3259.189,3280.228,3349.673,3276.521,446172931,21744739620
502,sz399686,深成金融,2140.105,26.403,1.249,2113.702,2120.461,2144.8,2118.088,570651200,9705161515
503,sz399687,深成信息,2990.203,77.667,2.667,2912.536,2927.575,2991.342,2926.085,2297787677,38475412558
504,sz399688,深成电信,1467.106,31.737,2.211,1435.369,1446.612,1469.813,1446.612,100940183,2753258141
505,sz399689,深成公用,1065.797,43.293,4.234,1022.504,1025.583,1070.394,1025.583,926305702,6666236037
506,sz399690,中小专利,2098.957,51.826,2.532,2047.131,2054.116,2101.315,2051.281,1295981734,18866430496
507,sz399691,创业专利,2489.537,62.971,2.595,2426.566,2438.453,2490.362,2438.453,311586437,5108903483
508,sz399692,创业低波,3088.718,46.055,1.514,3042.663,3052.675,3092.807,3052.307,585736382,14600272860
509,sz399693,安防产业,3538.429,23.961,0.682,3514.468,3508.375,3539.762,3498.475,462755020,7760714616
510,sz399694,创业高贝,2585.313,37.283,1.463,2548.03,2547.797,2587.216,2545.719,1032445251,27149220992
511,sz399695,深证节能,2573.857,66.807,2.665,2507.05,2510.608,2575.958,2510.608,2431457241,31812418780
512,sz399696,深证创投,2874.725,78.165,2.795,2796.56,2811.497,2878.329,2810.708,1893898454,26177307015
513,sz399697,中关村60,4227.973,84.78,2.046,4143.193,4152.847,4239.318,4149.369,743485519,9969480614
514,sz399698,优势成长,23321.332,501.371,2.197,22819.961,22831.629,23350.213,22831.629,1065509778,7896782924
515,sz399699,金融科技,3599.012,40.764,1.146,3558.248,3557.432,3602.886,3554.318,1303627436,20007715949
516,sz399701,深证F60,10513.469,195.186,1.892,10318.283,10383.632,10528.304,10383.632,2840415375,53847138329
517,sz399702,深证F120,9185.084,160.479,1.778,9024.605,9073.907,9197.445,9073.907,3739127913,67729416247
518,sz399703,深证F200,8668.479,150.427,1.766,8518.052,8560.556,8680.378,8560.556,5233699926,91587742882
519,sz399704,深证上游,4159.038,69.227,1.693,4089.811,4087.426,4165.987,4083.698,787375028,9359993673
520,sz399705,深证中游,3303.109,107.448,3.362,3195.661,3215.691,3306.094,3215.691,3294778388,61915452875
521,sz399706,深证下游,8848.828,184.773,2.133,8664.055,8720.378,8873.953,8687.832,1415802842,52248468333
522,sz399707,CSSW证券,6093.214,35.69,0.589,6057.524,6063.974,6102.999,6037.456,1143809266,16224906227
523,sz399802,500深市,5688.293,66.677,1.186,5621.616,5629.72,5699.412,5629.72,4739607629,49732173507
524,sz399803,工业4.0,4116.04,117.258,2.932,3998.782,4021.851,4118.224,4021.797,1040760511,31329165779
525,sz399804,中证体育,1782.188,10.843,0.612,1771.345,1773.298,1783.572,1762.013,272667205,3872095761
526,sz399805,互联金融,2708.773,17.285,0.642,2691.488,2686.349,2710.275,2684.519,1823497049,24609498949
527,sz399806,环境治理,1490.764,26.478,1.808,1464.286,1464.798,1494.197,1462.506,1345634824,10483140728
528,sz399807,高铁产业,1274.275,11.943,0.946,1262.332,1263.963,1277.145,1263.963,390620267,2436560334
529,sz399808,中证新能,2830.638,127.349,4.711,2703.289,2723.712,2835.714,2723.712,3078880072,52394615653
530,sz399809,保险主题,2366.994,34.796,1.492,2332.198,2344.344,2372.769,2344.344,411842186,7935844098
531,sz399810,CSSW传媒,2884.063,16.65,0.581,2867.413,2868.808,2887.007,2859.536,648289929,9312704773
532,sz399811,CSSW电子,3781.464,92.903,2.519,3688.561,3707.672,3782.538,3704.053,1699243266,29778223477
533,sz399812,养老产业,9151.689,151.084,1.679,9000.605,9018.069,9164.43,9018.069,981393775,37494844424
534,sz399813,中证国安,5518.253,49.554,0.906,5468.699,5463.489,5519.832,5462.428,911107739,18446496822
535,sz399814,大农业,1693.06,17.514,1.045,1675.546,1677.879,1695.944,1667.472,560813200,12885520181
536,sz399817,生态100,1153.63,29.364,2.612,1124.266,1125.608,1155.775,1125.608,1939282650,14334380087
537,sz399901,小康指数,5609.596,77.088,1.393,5532.508,5552.43,5616.262,5551.04,4095631800,51329307430
538,sz399903,中证100,5196.893,91.757,1.797,5105.136,5135.064,5206.687,5132.095,3999406100,98397153235
539,sz399904,中证 200,5603.228,-36.841,-0.653,5640.069,5683.982,5698.875,5520.506,9827388200,184602927888
540,sz399905,中证 500,6240.011,82.604,1.342,6157.407,6164.824,6249.538,6164.824,8882301400,88233521821
541,sz399913,300 医药,16117.085,530.933,3.406,15586.152,15679.551,16153.175,15679.551,315214500,22329245406
542,sz399914,300 金融,6889.262,46.198,0.675,6843.064,6871.437,6911.547,6859.073,2487204200,31730869416
543,sz399918,300 成长,7607.066,-30.736,-0.402,7637.802,7690.03,7740.043,7510.399,4004240800,170896066280
544,sz399928,中证能源,1625.669,3.888,0.24,1621.781,1617.603,1630.528,1613.225,420362800,2626401151
545,sz399932,中证消费,25309.357,523.787,2.113,24785.57,24890.193,25442.102,24805.141,532795000,30862497782
546,sz399933,中证医药,14508.76,373.962,2.646,14134.798,14203.117,14536.029,14203.117,589971500,28209959970
547,sz399934,中证金融,6504.383,41.312,0.639,6463.071,6487.598,6524.5,6477.03,3119978500,36355972619
548,sz399935,中证信息,5049.976,109.802,2.223,4940.174,4958.829,5051.506,4954.076,1820767800,31180856738
549,sz399944,内地资源,2761.497,-44.676,-1.592,2806.173,2843.209,2848.804,2708.386,3488369000,42261756487
550,sz399958,创业成长,1834.089,-22.742,-1.225,1856.831,1877.196,1888.809,1808.365,1012250000,45866176376
551,sz399959,军工指数,1444.891,18.568,1.302,1426.323,1425.767,1447.668,1425.753,211154948,5118790355
552,sz399965,800地产,5789.441,22.003,0.382,5767.438,5783.396,5815.196,5779.303,493439812,4076071378
553,sz399966,800非银,6260.067,52.696,0.849,6207.371,6220.172,6270.332,6213.188,1197583283,20394094263
554,sz399967,中证军工,10565.808,134.423,1.289,10431.385,10430.685,10577.128,10430.288,284160029,7035230846
555,sz399970,移动互联,3395.288,88.214,2.667,3307.074,3325.917,3397.752,3324.979,2162417998,49503926546
556,sz399971,中证传媒,1268.693,7.702,0.611,1260.991,1263.231,1273.941,1261.885,701736218,7642096398
557,sz399972,300深市,6755.802,171.123,2.599,6584.679,6630.043,6766.466,6630.043,3340656759,85388344872
558,sz399973,中证国防,1758.465,27.742,1.603,1730.723,1730.428,1760.308,1729.956,180138502,6155652577
559,sz399974,国企改革,1937.688,36.485,1.919,1901.203,1909.419,1940.353,1909.419,2390409366,51381268400
560,sz399975,证券公司,796.355,4.68,0.591,791.675,792.522,797.614,789.098,1133286851,16086373397
561,sz399976,CS新能车,3605.274,139.037,4.011,3466.237,3479.039,3609.431,3479.039,862772194,27079702783
562,sz399982,500等权,7267.246,88.419,1.232,7178.827,7187.25,7278.516,7187.25,8882301400,88233521821
563,sz399983,地产等权,6279.315,25.44,0.407,6253.875,6279.544,6304.402,6264.618,263129251,2757070163
564,sz399986,中证银行,7091.465,32.655,0.463,7058.81,7094.241,7140.889,7062.781,1443030445,11958119209
565,sz399987,中证酒,8794.679,276.033,3.24,8518.646,8569.067,8858.35,8539.094,261565847,23215613400
566,sz399989,中证医疗,15504.696,420.684,2.789,15084.012,15198.088,15537.771,15110.031,316330363,17464518649
567,sz399990,煤炭等权,1853.35,-3.323,-0.179,1856.673,1855.842,1864.135,1838.733,541875596,3457293804
568,sz399991,一带一路,1855.135,44.022,2.431,1811.113,1821.718,1857.696,1821.718,3532448834,31996228640
569,sz399992,CSWD并购,1694.772,28.486,1.71,1666.286,1666.724,1695.921,1666.54,851129606,7754485657
570,sz399993,CSWD生科,5250.865,132.435,2.587,5118.43,5142.747,5264.184,5135.609,197240562,14154326433
571,sz399994,信息安全,1702.57,16.293,0.966,1686.277,1686.454,1703.45,1681.372,886574072,13716026964
572,sz399995,基建工程,3633.45,20.981,0.581,3612.469,3616.724,3640.578,3606.958,1102163851,5869371681
573,sz399996,智能家居,2910.858,39.026,1.359,2871.832,2877.856,2912.425,2875.724,1652775438,28270813326
574,sz399997,中证白酒,16021.567,541.814,3.5,15479.753,15576.678,16153.526,15539.194,217182771,21884625965
575,sz399998,中证煤炭,1362.217,-2.331,-0.171,1364.548,1363.329,1371.681,1353.22,541875596,3457293804
576,sz980001,,1651.602,32.601,2.014,1619.001,1630.166,1653.507,1630.143,2155468414,57880808172
577,sz980017,,8195.742,159.391,1.983,8036.351,8088.395,8196.653,8042.65,209611818,8961413661
578,sz980023,,2880.917,36.748,1.292,2844.169,2858.584,2884.635,2848.021,426852293,15173800788
579,sz980068,,2150.593,44.674,2.121,2105.919,2108.394,2152.522,2108.36,741912479,6592565119
