,ma12_ratio,ma23_ratio,ma13_ratio,ma_category
0,1.0,1.0,1.0,4.0
1,0.9999254250307157,0.9999593243985985,0.9998847524626959,1.0
2,0.9999955160234539,0.999990980569778,0.9999864966336748,1.0
3,0.9999244129343436,0.9999522018618527,0.9998766184091173,1.0
4,0.9998328267821246,0.9998959876754777,0.9997288318456774,1.0
5,0.9995653617947933,0.9997361883086368,0.9993016647660702,1.0
6,0.9993183353100499,0.9995648512630353,0.998883483198614,1.0
7,0.9990468668455714,0.9993606982437664,0.9984081744290373,1.0
8,0.9984511834818143,0.9989595154378236,0.9974123104393147,1.0
9,0.9980969233401784,0.9986421829142912,0.9967416902844737,1.0
10,0.9980979756020152,0.9984946853309544,0.9965955240781967,1.0
11,0.9980432216563911,0.9983258512354323,0.99637234882987,1.0
12,0.998341783701578,0.9983529474520192,0.9966974623229766,1.0
13,0.998994958724942,0.9986077094388194,0.9976040674732423,1.0
14,0.9993044921091988,0.9987389581758963,0.9980443273496346,1.0
15,0.9998345342923155,0.999020036586919,0.9988547330295742,1.0
16,1.0002172937616818,0.9992681140911254,0.9994852488185649,2.0
17,1.0005488091496824,0.9995196967001405,1.0000682422549771,3.0
18,1.0004480115200847,0.9995603406543379,1.0000081552019708,3.0
19,1.0004269058625455,0.999629787632098,1.0000565354488131,3.0
20,1.000341478817364,0.9996573685992887,0.9999987304152871,2.0
21,1.0003337071112528,0.9997152929436274,1.0000489050461108,3.0
22,1.0003495318501923,0.9997816418880693,1.0001310974151467,3.0
23,1.0004558223159765,0.9998952591725844,1.0003510337453545,3.0
24,1.0005317388422343,0.9999983151950926,1.0005300531414507,3.0
25,1.000480308397989,1.0000348358014615,1.0005151609313783,4.0
26,1.0004921828961801,1.0000974519285242,1.000589682788877,4.0
27,1.0005471646111386,1.0001812399239856,1.0007285037031968,4.0
28,1.0003466370286094,1.0001271798090694,1.0004738609229098,4.0
29,1.0000505578483585,0.9999999688203458,1.000050526667128,3.0
30,0.9997562588065255,0.9998455891904238,0.9996018856332243,1.0
31,0.9996203543247756,0.9997513038726796,0.9993717526138645,1.0
32,0.9995967968530884,0.9997075278127698,0.9993044425915646,1.0
33,0.9996809089167293,0.9997222557421243,0.9994032532845697,1.0
34,0.9997170629153819,0.999720132334395,0.9994372744347183,1.0
35,0.9998689093493555,0.9997856106120214,0.9996545480658212,1.0
36,0.9999615776875554,0.9998332555428907,0.9997948396371539,1.0
37,0.999996272885372,0.9998576269511994,0.999853900367212,1.0
38,1.0000201794563182,0.9998788428655166,0.9998990198769497,2.0
39,1.0000211095394622,0.9998891382810466,0.9999102454802691,2.0
40,1.000095930118743,0.9999392293947122,1.000035153683724,3.0
41,1.0000849811170593,0.9999485684888155,1.0000335452351676,3.0
42,1.0001350237520918,0.9999892864468484,1.0001243087523561,3.0
43,1.0001508875764384,1.0000149588552507,1.0001658486887945,4.0
44,1.0001578273367069,1.0000361303550778,1.0001939633941423,4.0
45,1.00021822262851,1.0000860238291487,1.0003042652300047,4.0
46,1.0002240775299898,1.0001104610435032,1.0003345633253307,4.0
47,1.0001774202197944,1.0001054775383749,1.0002829164720173,4.0
48,1.0001108823068847,1.0000842944154287,1.0001951860690728,4.0
49,1.000107140800878,1.0000905858961746,1.000197736402498,4.0
50,1.0001316505531492,1.000111454119561,1.0002431193457066,4.0
51,1.0001450261674873,1.0001279551169777,1.0002729998413054,4.0
52,1.0001952214484076,1.0001651648917156,1.0003604185838524,4.0
53,1.00016481606832,1.0001622329889062,1.0003270757958298,4.0
54,1.0001396408713452,1.0001586458479619,1.0002983088727517,4.0
55,1.0001485850446332,1.0001708372578024,1.000319447686297,4.0
56,1.0001807055848704,1.0001960179513014,1.0003767589577104,4.0
57,1.0001980194316984,1.0002154890899113,1.0004135511926369,4.0
58,1.0001897889984226,1.0002219430441015,1.000411774164872,4.0
59,1.0002687593963402,1.0002745831139968,1.000543416307129,4.0
60,1.0002114128246253,1.0002592346547718,1.000470702284928,4.0
61,1.000479957621139,1.000415683254567,1.000895840386052,4.0
62,1.0007708348888253,1.000607450321691,1.0013787534544176,4.0
63,1.0008308651132116,1.0006968889839654,1.0015283331179214,4.0
64,1.000894979444106,1.00079041953746,1.001686106390804,4.0
65,1.0009453020285533,1.0008785294271856,1.0018246619313886,4.0
66,1.0009401697204106,1.000937123094379,1.0018781738695473,4.0
67,1.0010608791556403,1.0010602495781316,1.0021222535304493,4.0
68,1.001205107225457,1.0012034117401878,1.0024099692058281,4.0
69,1.0014359159187283,1.001402706035647,1.002840636122301,4.0
70,1.0013039137275492,1.0014197609587474,1.0027255259321006,4.0
71,1.0010900564221379,1.0013750462698539,1.002466601570009,4.0
72,1.0009593919266362,1.0013525157837109,1.0023132053030708,4.0
73,1.0009932456031347,1.001405317007324,1.0023999584353973,4.0
74,1.0008418801879908,1.0013578954484024,1.0022009188216685,4.0
75,1.0008942883501306,1.0014062288601318,1.0023017747843495,4.0
76,1.0008771117427786,1.0014199988182797,1.0022983560586964,4.0
77,1.0007978145141416,1.001396934068905,1.0021958630773222,4.0
78,1.0008116288828495,1.0014164751469685,1.002229253681959,4.0
79,1.0007107753999434,1.00137391122674,1.0020856631689847,4.0
80,1.000504175911375,1.001263986762809,1.0017687999458622,4.0
81,1.000319488304594,1.0011476511704087,1.0014675061361296,4.0
82,1.000124929525163,1.001010614775435,1.001135670556222,4.0
83,1.000077299539951,1.0009384698174444,1.0010158419006807,4.0
84,0.9999979955208105,1.0008476563731339,1.0008456501948348,5.0
85,0.9999138804110607,1.0007501229507658,1.0006639387615464,5.0
86,1.000096261227949,1.000793667871873,1.000890005499266,4.0
87,1.0003674193525045,1.0009051347488682,1.001272886665396,4.0
88,1.000662518741794,1.001055827670136,1.0017190459175493,4.0
89,1.000847507034518,1.0011731091815623,1.002021610434364,4.0
90,1.0010559339476077,1.0013185411112486,1.0023758673511771,4.0
91,1.001082261878773,1.0013810239011505,1.0024647804094453,4.0
92,1.0012200944515075,1.0015038026746916,1.0027257319074987,4.0
93,1.0012382096848684,1.001570484898651,1.002810639173131,4.0
94,1.0013957676609557,1.0017114797404263,1.0031096362294563,4.0
95,1.0018662683152382,1.002034065823691,1.003904130251527,4.0
96,1.002257600886138,1.0023510805117282,1.0046139891993129,4.0
97,1.002481065553237,1.0026046974201206,1.0050922253984031,4.0
98,1.0026867675735667,1.0028603904494109,1.0055548432272847,4.0
99,1.0029923700759367,1.0031802453107317,1.0061821318575705,4.0
100,1.0034459330698478,1.0035988918056034,1.007057226415739,4.0
101,1.0035483562800722,1.0038551469090817,1.0074171826238993,4.0
102,1.0036716037581326,1.0041196624514017,1.0078063919776732,4.0
103,1.003674008783248,1.004316897579592,1.0080067666824637,4.0
104,1.003710570240585,1.0045210748657258,1.0082484208721632,4.0
105,1.0023217107728224,1.0039372934555424,1.0062681454849964,4.0
106,1.0013216580931459,1.0034333206004842,1.0047595163695882,4.0
107,1.0007470954313096,1.00307125143053,1.0038206413797517,4.0
108,1.0007150114655157,1.002957674022322,1.003674800258675,4.0
109,1.0009678459862779,1.0030026509803023,1.0039734030702796,4.0
110,1.0005875870708778,1.0027300080296921,1.0033191992179915,4.0
111,1.0001054963524774,1.0023723629918095,1.0024781096199293,4.0
112,0.9996245629152832,1.0019787982902013,1.0016026182912232,5.0
113,0.9993334183040329,1.0016544677350931,1.0009867832012171,5.0
114,0.9992097527491176,1.0014059125191421,1.0006145542497566,5.0
115,0.9992043857036883,1.0012219644028921,1.000425377894232,5.0
116,0.999354063188309,1.0011330367090678,1.0004863680272573,5.0
117,0.998913640386026,1.0007460714202339,0.9996589013043999,6.0
118,0.9984473714583546,1.0003153470381294,0.9987622288796721,6.0
119,0.9979750809763525,0.999851230217694,0.9978266124408087,1.0
120,0.9978510353440919,0.9995477880553989,0.9973997951869767,1.0
121,0.9979550000022906,0.999371829089168,0.9973281137009699,1.0
122,0.9979760569599092,0.9991739537432198,0.9971516825737011,1.0
123,0.9978654365223806,0.9989189323631328,0.9967866764930078,1.0
124,0.9978598338507458,0.9987231341877552,0.9965857007434895,1.0
125,0.99794140878996,0.9985859405360934,0.9965302602964363,1.0
126,0.9980214206336625,0.9984660396712737,0.9964904953671915,1.0
127,0.9985285631042112,0.9985956093367355,0.9971262389131849,1.0
128,0.9987964395399139,0.9986484099558043,0.9974464762160536,1.0
129,0.9990710447301289,0.9987341152396544,0.9978063359201024,1.0
130,0.9995060101808791,0.9989353208977055,0.9984418570192218,1.0
131,1.0000244996113359,0.9992226843241666,0.9992471648915705,2.0
132,1.0003498064757217,0.9994502143022903,0.9997998284594146,2.0
133,1.000475063726649,0.9995942900799711,1.0000691610685537,3.0
134,1.0007110480211154,0.9998052880207486,1.0005161975922965,3.0
135,1.0009132904203337,1.0000137515134802,1.0009270544929394,4.0
136,1.0011312992251427,1.0002427701132706,1.0013743439840543,4.0
137,1.0010741734001036,1.0003341357873856,1.001408668107264,4.0
138,1.001331154775566,1.0005845755341598,1.0019165084702397,4.0
139,1.0015607442394208,1.0008361165140667,1.00239816571752,4.0
140,1.001691879551738,1.0010465241105697,1.0027401742550508,4.0
141,1.0018403153743594,1.0012695655429704,1.0031122173183173,4.0
142,1.0020406733904306,1.0015255065760722,1.0035692930271796,4.0
143,1.0019335517009444,1.0016221998406227,1.0035588881488282,4.0
144,1.0018094099057833,1.001690685041018,1.0035031540890622,4.0
145,1.001676857168949,1.001735317255206,1.0034150843033347,4.0
146,1.0015566909373634,1.001767892184779,1.0033273351838847,4.0
147,1.0015362063846405,1.001838340401144,1.0033773708560456,4.0
148,1.0015258993057552,1.0019075738579208,1.0034363839293015,4.0
149,1.0016694072082117,1.0020553815741184,1.0037282200511455,4.0
150,1.0016067914439502,1.0020990242176855,1.0037091883557892,4.0
151,1.0014191906108048,1.002064121594368,1.003486241587159,4.0
152,1.0011067929813036,1.0019404069938591,1.0030493476040043,4.0
153,1.0008927888827146,1.0018400345977116,1.0027344662428588,4.0
154,1.0007958937894768,1.0017837297641712,1.0025810432130895,4.0
155,1.0006646054312545,1.0017003192124596,1.0023660546850977,4.0
156,1.0006157800314641,1.0016510599319988,1.0022678566531997,4.0
157,1.0004195430396223,1.0015184289624974,1.0019386090484221,4.0
158,1.0002445525638861,1.0013816657451573,1.001626556198944,4.0
159,1.0001473946688753,1.0012744647539396,1.0014220472721251,4.0
160,1.0000034867156247,1.0011365032527761,1.0011399939310646,4.0
161,0.9999633241541489,1.0010460683713829,1.0010093541600895,5.0
162,1.0001274919233187,1.001067707681565,1.0011953357289898,4.0
163,1.000148766943468,1.001029993373762,1.0011789135461961,4.0
164,1.0002621512376975,1.0010473993374416,1.0013098251521715,4.0
165,1.000230425787746,1.0009983318768767,1.0012289877060316,4.0
166,1.0002319612352368,1.0009665430053962,1.0011987284411425,4.0
167,1.000314928357897,1.0009812988118048,1.001296536208525,4.0
168,1.0002903068512201,1.0009465205418244,1.0012371021744426,4.0
169,1.000236495466693,1.000894942889873,1.0011316500065024,4.0
170,1.0002520310488847,1.0008778054876508,1.0011300577707734,4.0
171,1.0004466359990567,1.000961300347529,1.001408365697927,4.0
172,1.000905193243562,1.0012074410338143,1.0021137272448422,4.0
173,1.0010348620267957,1.0013147911784814,1.002351013832741,4.0
174,1.0011551558792957,1.0014262557128673,1.002583059139835,4.0
175,1.001017327807182,1.0014046043676672,1.0024233611179305,4.0
176,1.0009838670092115,1.0014245214144992,1.0024097899633346,4.0
177,1.0009936189759518,1.0014627593209433,1.0024578317223138,4.0
178,1.0010473423020894,1.0015238672917341,1.002572805604501,4.0
179,1.0009983256661281,1.0015316865148396,1.002531541302928,4.0
180,1.0008217012593155,1.0014634119611476,1.0022863157079147,4.0
181,1.000547487676704,1.0013245984582813,1.0018728113363178,4.0
182,1.0001256005923866,1.0010804231185755,1.001206159412746,4.0
183,0.9998765181384317,1.000894246696579,1.0007706544117638,5.0
184,0.9996501526094084,1.0007016062644944,1.000351513418782,5.0
185,0.9993573308150251,1.0004570409890827,0.999814078077948,6.0
186,0.9992169583166937,1.0002749783340352,0.9994917213312314,6.0
187,0.9989356150870065,1.0000101702453206,0.9989457745072714,6.0
188,0.9987994475237825,0.9998064948086768,0.9986061746455959,1.0
189,0.9986197040854783,0.9995749689079385,0.9981952596620967,1.0
190,0.9985027993564264,0.9993699695752305,0.9978737122136142,1.0
191,0.9987555785321156,0.9993645886672721,0.9981209579188911,1.0
192,0.9989909892345372,0.999380666404567,0.9983722805533694,1.0
193,0.9992817663283945,0.9994544518880967,0.9987366100475147,1.0
194,0.9995441290904705,0.9995435165154916,0.9990878537035034,1.0
195,0.9997801030679484,0.9996446043751819,0.9994247855935379,1.0
196,0.9999037357725538,0.9997069128238117,0.9996106768101761,1.0
197,1.0001524394215207,0.9998486659947138,1.0000010823469663,3.0
198,1.0006707385477107,1.0001591561966985,1.0008300014966054,4.0
199,1.0010084105753314,1.0004152192975477,1.0014240485844097,4.0
200,1.0011988238540492,1.000616383365821,1.0018159461549525,4.0
201,1.0012540933821785,1.000754672827992,1.0020097126403695,4.0
202,1.0010983534229558,1.0007760400715275,1.0018752458607525,4.0
203,1.0011673832471177,1.000899945047615,1.0020683788755047,4.0
204,1.0011987417657862,1.0010041413153987,1.0022040867873183,4.0
205,1.001232649119318,1.001107212843584,1.0023412267678384,4.0
206,1.001092207913256,1.0011129260624243,1.0022063495223328,4.0
207,1.0009380660462464,1.001093762275971,1.0020328543434711,4.0
208,1.0008369682563836,1.0010860139828095,1.0019238911984227,4.0
209,1.000789510569454,1.001095748683824,1.0018861243584452,4.0
210,1.0006778840871737,1.0010641053953435,1.0017427108226318,4.0
211,1.0006273634532454,1.001054192678516,1.0016822174937206,4.0
212,1.0005762858940945,1.0010384482667982,1.0016153326039805,4.0
213,1.0005115624657945,1.0010100162459354,1.0015220953981312,4.0
214,1.0004683704779187,1.0009872097482264,1.0014560426060468,4.0
215,1.0003388732457617,1.000913456022035,1.0012526388136036,4.0
216,1.001058260339872,1.0012918089357477,1.002351436345783,4.0
217,1.0021925004023422,1.0019615659161023,1.0041583670525047,4.0
218,1.0030557702808933,1.0025809684324523,1.0056446255599771,4.0
219,1.0033052332403063,1.00293216903408,1.006247093776944,4.0
220,1.0035337294895343,1.0032809464688903,1.0068262699357153,4.0
221,1.003712732937427,1.003609259533537,1.0073353926877138,4.0
222,1.003463327302287,1.003704815500413,1.0071809737913724,4.0
223,1.0036342496628856,1.0039942323677074,1.0076429980682289,4.0
224,1.0037996722554878,1.004283837998201,1.0080997874340776,4.0
225,1.0036114376671594,1.0043822856512146,1.0080095496698431,4.0
226,1.0034163329297112,1.0044479976043508,1.0078795263747489,4.0
227,1.00314974135412,1.0044467858096386,1.007610533388916,4.0
228,1.0030712374491413,1.0045160814679577,1.0076011888756269,4.0
229,1.0030086006470154,1.004580253535358,1.0076026343361233,4.0
230,1.0026999495031046,1.0044982920277985,1.0072103866922284,4.0
231,1.0026185675851962,1.004508062695651,1.0071384349476942,4.0
232,1.0024079329016993,1.0044366490526042,1.0068552651075307,4.0
233,1.0020280963994748,1.0042514902909834,1.0062882091226095,4.0
234,1.0020159158450528,1.0042323998575262,1.0062568478645144,4.0
235,1.0020694454773236,1.0042489080788295,1.0063271464397605,4.0
236,1.0021091769532533,1.0042633803941436,1.006381549571067,4.0
237,1.0021813479102235,1.0042995363966014,1.0064902630915586,4.0
238,1.0020733341906707,1.004243775117828,1.006325908072548,4.0
239,1.0020021716705105,1.0041984235729662,1.0062090012082152,4.0
240,1.001915189136371,1.0041385421338775,1.0060616573611836,4.0
241,1.001876865775839,1.0040983313855243,1.0059828891792788,4.0
242,1.001801376984264,1.004035608161811,1.0058442547977349,4.0
243,1.0016452015379913,1.00392345528369,1.0055751116963483,4.0
244,1.0015664715501027,1.0038414803503262,1.0054139694701079,4.0
245,1.001500018178997,1.0037616490612284,1.0052673097822005,4.0
246,1.0013722710504134,1.003645138701726,1.0050224118704547,4.0
247,1.0012915761545074,1.0035459196529948,1.0048420756327718,4.0
248,1.0011738259053993,1.0034227196567151,1.0046005632391144,4.0
249,1.0011623177196742,1.0033507494618519,1.0045169618169996,4.0
250,1.0012953193203362,1.0033606864863034,1.004660358968775,4.0
251,1.001381093118188,1.0033603900671366,1.0047461241969207,4.0
252,1.0016033327860459,1.003445086546141,1.0050539429523973,4.0
253,1.00157110612897,1.003412624833072,1.004989092557833,4.0
254,1.001265552780534,1.0032289360852489,1.0044985752548237,4.0
255,1.0011368376465228,1.0031159241418486,1.0042563040882395,4.0
256,1.0010330319448821,1.0030077766178982,1.0040439156921097,4.0
257,1.000806474045193,1.0028266123022225,1.0036353659368729,4.0
258,1.0006441699687008,1.0026640775960423,1.0033099636835248,4.0
259,1.000544469118848,1.0025259233287722,1.0030717677348695,4.0
260,1.0004618141721127,1.0023933927901871,1.0028563122650098,4.0
261,1.0004643248159282,1.0023053776128392,1.002770772872803,4.0
262,1.000596465247939,1.0022937642137462,1.0028915976123256,4.0
263,1.0006999822226053,1.0022832771337038,1.002984857609712,4.0
264,1.0007953875436104,1.002281569107853,1.0030787713831117,4.0
265,1.0008827089035865,1.002287137346434,1.0031718651265198,4.0
266,1.0007771221861719,1.002197661194949,1.002976491232393,4.0
267,1.000741293041912,1.002138894522783,1.0028817731123219,4.0
268,1.0006688404244783,1.0020593668775772,1.0027295846898723,4.0
269,1.000558920251685,1.0019554406221436,1.002515453809193,4.0
270,1.0004831123593982,1.0018631200337107,1.0023471324894242,4.0
271,1.0005181123005027,1.0018276861266902,1.0023467453738566,4.0
272,1.000443161089083,1.0017386541225108,1.0021825857154483,4.0
273,1.0003231922563907,1.0016213848308655,1.001945101106278,4.0
274,1.0003178367416734,1.0015592310837955,1.001877563406396,4.0
275,1.0003200839756952,1.0015043541638393,1.0018249196591964,4.0
276,1.0003132532073327,1.0014481324176774,1.0017618392571344,4.0
277,1.0003003725160315,1.0013911984361517,1.0016919888299578,4.0
278,1.0002836776944644,1.0013340813646876,1.0016181375082776,4.0
279,1.0002221019043585,1.0012539251445414,1.0014763055480624,4.0
280,1.0002452066232974,1.0012173704625504,1.0014628755931483,4.0
281,1.0003115686799104,1.0012094392515334,1.0015213847548348,4.0
282,1.0006191847514139,1.0013416965203508,1.001961712029791,4.0
283,1.0012399964429985,1.001674318444282,1.0029163910361958,4.0
284,1.0014767542387286,1.0018524816612866,1.0033319715601607,4.0
285,1.0016286534943735,1.0020022474116597,1.0036341618732765,4.0
286,1.0015767112677538,1.0020500006593926,1.003629944186285,4.0
287,1.0016839087255522,1.0021754829182292,1.0038630549584497,4.0
288,1.0016849203912668,1.002248344857028,1.0039370535303909,4.0
289,1.001839508625236,1.0024008172698047,1.004244742219116,4.0
290,1.0017982339102187,1.0024557763513178,1.0042584263218473,4.0
291,1.0013834096986725,1.0022982863475964,1.0036848755178926,4.0
292,1.0013313514587963,1.0022981549130585,1.0036325660237508,4.0
293,1.0011759206328863,1.0022352521046158,1.0034138012165716,4.0
294,1.0010667949125043,1.0021825916741922,1.0032517149643907,4.0
295,1.0009215791009636,1.0021001847336926,1.003023699321015,4.0
296,1.000882686713045,1.002063211926466,1.0029477198092647,4.0
297,1.0006773348087015,1.001932905429126,1.0026115494619565,4.0
298,1.000462104120853,1.0017802340378779,1.0022431608122158,4.0
299,1.0003164536519256,1.0016487211512288,1.0019656965469836,4.0
300,1.0001799076931623,1.001512517205092,1.0016926970117355,4.0
301,1.0001805800059673,1.0014428949361833,1.0016237355001267,4.0
302,1.0001763188825004,1.0013748942520442,1.0015514555543625,4.0
303,1.000239547836281,1.001347327348189,1.0015871979338211,4.0
304,1.0001634519608047,1.0012530956127408,1.0014167523944804,4.0
305,1.0001494155715844,1.0011892181526894,1.0013388114119839,4.0
306,1.0001783332487304,1.0011509512376844,1.0013294897392881,4.0
307,1.0001652096678404,1.0010955805087227,1.0012609711770553,4.0
308,1.0003075205114917,1.0011267801235049,1.0014346471429967,4.0
309,1.0005667734808077,1.0012371720351414,1.00180464671225,4.0
310,1.0007297150226067,1.001319773132539,1.0020504512134267,4.0
311,1.0008364747083633,1.0013864742071383,1.0022241086661097,4.0
312,1.0007183239393438,1.0013393063827793,1.0020585923779601,4.0
313,1.0006749599537954,1.0013214894792257,1.001997341385499,4.0
314,1.0004297862426432,1.001189358134039,1.0016196555464458,4.0
315,1.0001513251212633,1.0010173822237236,1.001168861300475,4.0
316,0.9999420573453317,1.0008598624475868,1.0008018699702057,5.0
317,0.9997857543464345,1.000715445853314,1.0005010469185842,5.0
318,0.9995849717170618,1.0005366188726377,1.0001213678776901,5.0
319,0.9994862570189623,1.0003999812325846,0.9998860327639961,6.0
320,0.9995735019819902,1.0003610542826473,0.9999344022757015,6.0
321,0.9996162114151306,1.0003107761139822,0.9999268682567878,6.0
322,0.9998112717616624,1.0003517948071206,1.0001630001751687,5.0
323,1.0002046681239816,1.0005221716460502,1.0007269466419229,4.0
324,1.0004549475579332,1.0006518836016542,1.0011071277324401,4.0
325,1.0006994302979992,1.0008009540099565,1.0015009445194576,4.0
326,1.0009052192118777,1.0009495528572956,1.0018556316226623,4.0
327,1.0018401045897316,1.0015124544351106,1.00335534209919,4.0
328,1.0017282521928328,1.0015829657400745,1.003313953696919,4.0
329,1.0019580316613839,1.0018222925755156,1.0037838923434586,4.0
330,1.0021905724358828,1.0020765568745706,1.0042716781587044,4.0
331,1.0022221717450375,1.0022338068392562,1.004460942486736,4.0
332,1.002143403741753,1.0023249919270718,1.0044733790652207,4.0
333,1.0017524339005883,1.0022304088859386,1.0039867514306708,4.0
334,1.0016208828038213,1.002235827206796,1.0038603340244892,4.0
335,1.0015303079872815,1.0022473146577935,1.0037810617286458,4.0
336,1.0014421306673056,1.0022484057357086,1.0036937788978781,4.0
337,1.0012737070083833,1.002194887525096,1.0034713901771024,4.0
338,1.0009563694684913,1.0020428673014234,1.00300119050583,4.0
339,1.000629300019764,1.0018563009652581,1.0024867691552561,4.0
340,1.0003883478521869,1.0016884308970837,1.002077434447783,4.0
341,1.0003533552925745,1.0016139325257005,1.0019678581098748,4.0
342,1.000376307592269,1.0015713353289202,1.0019482342266033,4.0
343,1.0004384028669562,1.0015554704896867,1.001994555279365,4.0
344,1.00044143979544,1.0015158769612944,1.0019579859251502,4.0
345,1.0005162322613284,1.0015182152892053,1.0020352313022456,4.0
346,1.0006382522479165,1.0015552642141,1.002194509112897,4.0
347,1.0007332962068742,1.0015901509348604,1.0023246131933834,4.0
348,1.0007091453433081,1.0015693924841287,1.0022796507548088,4.0
349,1.0004074125463376,1.0013954778535252,1.0018034589350484,4.0
350,1.0002177199763773,1.001256695409629,1.0014746889937012,4.0
351,1.000109910999572,1.001148024862044,1.001258062042176,4.0
352,1.0000470879766874,1.0010574278708602,1.0011045656396862,4.0
353,1.0000870083901998,1.0010207602339622,1.0011078574388668,4.0
354,0.9995078962623068,1.000653592251953,1.00016116687907,5.0
355,0.9992635377329184,1.0004211485490613,0.9996843761219644,6.0
356,0.9992275293654751,1.0002867899004675,0.999514097729166,6.0
357,0.9990962574164378,1.0001043099818938,0.9992004731289591,6.0
358,0.9991846123922528,1.000036689222775,0.9992212716990903,6.0
359,0.9993932831599022,1.0000494406219813,0.9994426937854255,6.0
360,0.9995804949195122,1.000075003722915,0.9996554671779841,6.0
361,0.9998465554872769,1.0001647064412305,1.0000112366552076,5.0
362,0.9999768444451788,1.0002071852572172,1.0001840249049063,5.0
363,1.0001793200176525,1.000302268707622,1.0004816429281045,4.0
364,1.0001167409206124,1.0002715443263082,1.0003883169472554,4.0
365,1.0000988597170164,1.0002594803254081,1.000358365694576,4.0
366,1.0002386269421835,1.0003319841409244,1.0005706903034683,4.0
367,1.000328266652185,1.0003896972637965,1.0007180918405978,4.0
368,1.0003952217452274,1.0004424074517617,1.0008378040460344,4.0
369,1.0004027239635542,1.0004676008531919,1.000870513130815,4.0
370,1.0003973352998123,1.000485141721624,1.0008826697853679,4.0
371,1.0003972867175737,1.000503878825043,1.0009013657269812,4.0
372,1.000583403523382,1.0006230704765426,1.001206837501436,4.0
373,1.0006677118475156,1.0007020573815806,1.0013702380011276,4.0
374,1.0006940323352795,1.0007548326057616,1.0014493888192775,4.0
375,1.0006237879445257,1.0007548906271175,1.0013791494633157,4.0
376,1.000461068099255,1.0006959552022126,1.0011573441842099,4.0
377,1.000309273412818,1.00062682944071,1.0009362967152082,4.0
378,0.9999723710769323,1.0004425274189785,1.000414886269355,5.0
379,0.9995590566700232,1.0001869670686643,0.9997459412968057,6.0
380,0.999286649394875,0.9999737211910363,0.9992603893319156,1.0
381,0.9991322290930313,0.999804753123648,0.9989371516462384,1.0
382,0.99872486707064,0.9994895539353726,0.9982150718925983,1.0
383,0.9985486432077143,0.9992701262149182,0.9978198287299079,1.0
384,0.9984230765368693,0.9990702769866506,0.9974948196255539,1.0
385,0.9986037112952215,0.9990340916345289,0.997639151616691,1.0
386,0.9985807271775666,0.9989110391860474,0.9974933118961019,1.0
387,0.9986019558316096,0.9988167301432119,0.9974203402383445,1.0
388,0.9985541372169873,0.9986930847528739,0.9972491115899775,1.0
389,0.9985589951636319,0.9985998230754143,0.9971608359007663,1.0
390,0.9987129743343103,0.9985940071672353,0.9973087910504072,1.0
391,0.9990076993078396,0.9986838573200596,0.9976928626371915,1.0
392,0.9991652866769415,0.9987292311470889,0.9978955785517225,1.0
393,0.9994082313047321,0.9988374737742157,0.9982463930255757,1.0
394,0.9995339489647525,0.9989046981230264,0.9984391575543525,1.0
395,0.9995900605537661,0.9989451366221102,0.9985356296059852,1.0
396,0.9996816357206577,0.9990092647641826,0.9986912158995498,1.0
397,0.9997104582890435,0.9990463908119062,0.9987571252105856,1.0
398,0.9995542581335654,0.9989838757967157,0.9985385868593799,1.0
399,0.9994586461351395,0.9989392654219902,0.9983984857898931,1.0
400,0.9995907910215892,0.9990099460604791,0.9986011422210295,1.0
401,0.9996921756321141,0.9990755914468785,0.9987680516344711,1.0
402,0.9996991881232122,0.9990980888532639,0.9987975482820609,1.0
403,0.9996129817998883,0.9990692447277759,0.9986825867468944,1.0
404,0.9993660406289315,0.9989440830226117,0.9983107930600061,1.0
405,0.9992695556736527,0.9988786234447753,0.9981489982215704,1.0
406,0.9992223700835109,0.9988323164254632,0.9980555945346546,1.0
407,0.9992244207783826,0.9988099336254707,0.9980352773946056,1.0
408,0.9991894732306192,0.9987689880403487,0.9979594590391148,1.0
409,0.9993140170986792,0.9988132161487229,0.9981280473608316,1.0
410,0.9994881720424805,0.9988969002570156,0.9983856368967845,1.0
411,0.9996635033748209,0.9989972692510123,0.9986611100413462,1.0
412,0.999792614442222,0.9990876141843186,0.9988804178421818,1.0
413,0.9999290497874938,0.999192140624131,0.9991212477294191,1.0
414,0.9999538387058453,0.9992459857916364,0.9991998593037534,1.0
415,1.0000003303827496,0.9993114154976079,0.9993117456528612,2.0
416,1.000018090044804,0.9993628485171074,0.9993809270358124,2.0
417,1.0000722078335702,0.9994331548541554,0.9995053217570655,2.0
418,1.0001639801877467,0.9995263100408917,0.9996902125528699,2.0
419,1.0002791652331022,0.9996377313386036,0.9999167954388906,2.0
420,1.0002661352872522,0.9996864183217288,0.9999524701538309,2.0
421,1.0002078557882812,0.9997058877967893,0.9999136824521466,2.0
422,1.0000917834483065,0.9996855841742391,0.9997773387643769,2.0
423,0.9999531846183651,0.9996401577511499,0.9995933592156673,1.0
424,0.9997602977861876,0.9995510879198057,0.9993114933112128,1.0
425,0.9996907005830931,0.9995112831054135,0.9992021348483571,1.0
426,0.9996510042340204,0.9994817631365005,0.999132948232992,1.0
427,0.9996187246357382,0.9994532666401441,0.9990721997318432,1.0
428,0.9995499253666394,0.9994026751828002,0.9989528693901878,1.0
429,0.99948613925756,0.9993495494993111,0.9988360229978483,1.0
430,0.9991300224706675,0.9991325863612213,0.9982633634622632,1.0
431,0.9988087919343083,0.9989047236778716,0.9977148203141689,1.0
432,1.0001067487181663,0.9995343895982179,0.9996410886130707,2.0
433,1.0015288161775382,1.0003519263566667,1.0018812805649124,4.0
434,1.0022503581473847,1.0009105692722593,1.0031629765266246,4.0
435,1.002909842988784,1.0014894407309827,1.0044036177584348,4.0
436,1.0035368628684802,1.0020959600621897,1.0056402360539878,4.0
437,1.0038866517035914,1.0025904163631103,1.0064871361128724,4.0
438,1.0011927045975153,1.0014324747054815,1.0026268878221638,4.0
439,0.9988399191565239,1.0002069784204601,0.9990466574652834,6.0
440,0.9971060897525611,0.9991103818823732,0.9962190461099212,1.0
441,0.9960568877565893,0.9982443159015512,0.9943081265176046,1.0
442,0.99555017677063,0.9975992887933073,0.9931601483044318,1.0
443,0.9956021892623376,0.9972356287414038,0.9928499751853453,1.0
444,0.9955663498393907,0.996852451220868,0.9924327561904089,1.0
445,0.9956138200287072,0.9965332759544575,0.9921623016587393,1.0
446,0.9956887345308899,0.9962539225469073,0.9919588074121654,1.0
447,0.9956515191353568,0.9959395033471733,0.9916086794745258,1.0
448,0.9960973918323057,0.9959018631348946,0.9920152483896024,1.0
449,0.9967633974070873,0.9960398719788048,0.9928160867465139,1.0
450,0.9977060855252088,0.996400561841855,0.994114904170356,1.0
451,0.9986557999649124,0.9968575722395805,0.9955175962559987,1.0
452,0.9995277307139779,0.9973599106516099,0.9968888881986995,1.0
453,1.0003372368585588,0.9979038695562651,0.9982403995223779,2.0
454,1.0009399833962405,0.9984005957867276,0.9993390757695638,2.0
455,1.0013851644029936,0.9988546012072844,1.000238179044643,3.0
456,1.0016538677240858,0.9992389104467442,1.0008915194293826,3.0
457,1.001525100500127,0.9994154477727449,1.000939656771978,3.0
458,1.0013684550603303,0.999550419573981,1.0009182594037023,3.0
459,1.0010690632250157,0.9995802272214429,1.000648841682818,3.0
460,1.0007504558625575,0.9995614150388439,1.0003115417627462,3.0
461,1.0006399878499885,0.9996187159700838,1.0002584598029258,3.0
462,1.000462227048278,0.999622418746374,1.0000844712663834,3.0
463,1.0004985988528343,0.9997211991610327,1.0002196590040886,3.0
464,1.0005531008200088,0.9998283052899278,1.0003813111454518,3.0
465,1.0009874958741247,1.0001429374198811,1.0011305744441183,4.0
466,1.0013726822864348,1.000464462941369,1.0018377827878562,4.0
467,1.0016714057223273,1.0007661228472418,1.00243880907168,4.0
468,1.001761544505087,1.0009718397762792,1.002735096220384,4.0
469,1.0018902116894364,1.0011970914470538,1.0030895658927368,4.0
470,1.002112396496312,1.0014754453766206,1.0035909585985767,4.0
471,1.0026181457915513,1.0019190332452788,1.0045422033456448,4.0
472,1.0028814876502508,1.0022647285850437,1.0051527420227433,4.0
473,1.003182943117732,1.0026423740743955,1.005833727718502,4.0
474,1.0032494354937458,1.0029052017021938,1.006164077461467,4.0
475,1.003462106899969,1.0032401453567934,1.006713469986359,4.0
476,1.003488597698657,1.0034786951129993,1.0069794285794218,4.0
477,1.0035270180900644,1.0037124536863617,1.0072525656677365,4.0
478,1.0033066512679865,1.0037949641476294,1.0071141640386265,4.0
479,1.0030268132367877,1.0038130368834564,1.0068513914707553,4.0
480,1.0028115093410457,1.0038312294699607,1.0066535103484489,4.0
481,1.0026181111617867,1.0038340767683203,1.0064622259692892,4.0
482,1.0024028586856042,1.0038012593346546,1.0062132519092672,4.0
483,1.002206240018538,1.0037544444906097,1.0059689677148305,4.0
484,1.0022371765105826,1.0038109617334159,1.006056664038071,4.0
485,1.0020041186618442,1.0037234871674698,1.0057350681394335,4.0
486,1.001931452110576,1.003700670562783,1.005639270341328,4.0
487,1.00159355874285,1.0035254932358288,1.0051246700592478,4.0
488,1.0014038568003745,1.0034009179857417,1.004809549187958,4.0
489,1.0010692859303798,1.0031818022251437,1.0042544904118762,4.0
490,1.0010074004271339,1.0030843242557435,1.0040948318324499,4.0
491,1.000491214312553,1.0027373221130893,1.0032298810374425,4.0
492,1.000151928054645,1.0024454559842082,1.0025977555722234,4.0
493,0.9999290085440942,1.0021937414628208,1.0021225942700147,5.0
494,0.9998478486359423,1.0020076525356323,1.0018551957045028,5.0
495,0.9998521404749225,1.0018696499481645,1.0017215139775335,5.0
496,0.9995647275196358,1.0015815185551302,1.0011455576832617,5.0
497,0.999336632104446,1.0013084661994704,1.0006442303094474,5.0
498,0.999337574294315,1.0011492324190705,1.0004860454322895,5.0
499,0.9994817549346964,1.0010778578138944,1.0005590541540976,5.0
500,0.999734452764236,1.0010874513424477,1.0008216153369855,5.0
501,1.0001109126374184,1.0011946105556302,1.001305655690456,4.0
502,1.0004921562490303,1.0013435783274527,1.001836395826953,4.0
503,1.0007546482955907,1.0014649915155411,1.002220745364482,4.0
504,1.0007331273324307,1.0014558678041225,1.0021900624730327,4.0
505,1.0007271363657722,1.0014531636278372,1.0021813566417286,4.0
506,1.0006760362485383,1.0014252745760093,1.002102274361825,4.0
507,1.0007071506983876,1.0014377538186108,1.0021459212256152,4.0
508,1.0006121584545533,1.0013844200402597,1.0019974259792452,4.0
509,1.000516987626048,1.0013227069391513,1.0018403783883196,4.0
510,1.0005220199125897,1.0013078820235939,1.001830584676643,4.0
511,1.000525786434251,1.0012938776714453,1.0018203444090235,4.0
512,1.0005006401839773,1.001265402732229,1.001766676427663,4.0
513,1.000470288735002,1.001232766763702,1.0017036352550257,4.0
514,1.0004790712850702,1.0012197869823314,1.001699442632319,4.0
515,1.000793713930665,1.001375600598819,1.0021704063628423,4.0
516,1.0013093524069183,1.0016699619227094,1.0029815008982907,4.0
517,1.0015029570341336,1.0018332517058537,1.003338964038534,4.0
518,1.0015544888067476,1.0019325369141212,1.0034900298278704,4.0
519,1.0015490678669399,1.0020009321891996,1.0035530996358977,4.0
520,1.0015464842809927,1.0020660573008517,1.0036157367069838,4.0
521,1.001476363757147,1.002090009527264,1.0035694588987292,4.0
522,1.0014174033128618,1.0021100793626303,1.0035304735089712,4.0
523,1.0012703169498232,1.0020736302105753,1.0033465813280027,4.0
524,1.0011222545542737,1.0020210049958456,1.0031455276321801,4.0
525,1.00107472279171,1.0020084986217743,1.0030853799927302,4.0
526,1.0011251650684294,1.0020444793785632,1.0031719448237726,4.0
527,1.001144174063757,1.0020672337322645,1.0032137730712418,4.0
528,1.001099460595444,1.0020561154352647,1.0031578366486096,4.0
529,1.000956665664351,1.0019866910087616,1.0029452572721862,4.0
530,1.0007919860575007,1.0018922144736597,1.0026856991386415,4.0
531,1.0007138399060846,1.0018307378688005,1.0025458846286337,4.0
532,1.0005303986351928,1.0017060536602123,1.0022373571839382,4.0
533,1.0003628408283305,1.0015753772908427,1.0019387897303742,4.0
534,1.000266156864678,1.0014710007210057,1.0017375491026235,4.0
535,1.0002345481719028,1.0013967487084494,1.0016316244852084,4.0
536,1.000192823400696,1.001317658046137,1.0015107355221384,4.0
537,1.0001730488032332,1.0012502888195665,1.0014235539837835,4.0
538,1.000168854208782,1.0011931141790145,1.0013621698501474,4.0
539,1.0001615601591713,1.0011372133246388,1.001298957212176,4.0
540,1.0001801283933778,1.0010979319213424,1.0012782580834334,4.0
541,1.000174260584952,1.0010499571509985,1.0012244007020978,4.0
542,1.000179574716089,1.0010102844709872,1.0011900406086234,4.0
543,1.0001507302567874,1.0009550309142856,1.001105905123128,4.0
544,1.0000435984686296,1.000856931742095,1.000900567571636,4.0
545,0.9996073053503527,1.0005723183566202,1.0001793989606163,5.0
546,0.9992482234941789,1.000294302627977,0.9995423048723543,6.0
547,0.9991883570893686,1.0001527811569308,0.9993410142425565,6.0
548,0.999238104144425,1.0000723304324726,0.999310379468641,6.0
549,0.9987763160434845,0.9997240601282901,0.9985007138349686,1.0
550,0.9985327071164729,0.9994599516416189,0.9979934511672047,1.0
551,0.9984314960707712,0.9992599512486134,0.9976926080887589,1.0
552,0.9982351051422799,0.9990080102928293,0.9972448661926422,1.0
553,0.9980481820025516,0.9987527586599292,0.9968033750505755,1.0
554,0.9979845549020773,0.9985574872961631,0.996544949503398,1.0
555,0.9981754205193173,0.9985048607912779,0.9966830093109161,1.0
556,0.9981860072469635,0.9983803326331643,0.9965692779449936,1.0
557,0.9982966166487585,0.9983190629074595,0.9966185428364758,1.0
558,0.9984450360262,0.9982954528055622,0.9967431393412413,1.0
559,0.9986716041426665,0.9983337814658441,0.9970075990063089,1.0
560,0.9988478190479966,0.9983697792557837,0.9972194766130693,1.0
561,0.9988727671611624,0.9983425100490293,0.9972171455872945,1.0
562,0.9990874845215159,0.9984233095995048,0.9975122328754158,1.0
563,0.9993007265295182,0.998524426927913,0.9978261852865342,1.0
564,0.9997033721360343,0.9987485432136252,0.9984522865666128,1.0
565,1.0000572653146056,0.9989813729046003,0.9990385798872048,2.0
566,1.0002425623983766,0.9991510846390855,0.9993934411225162,2.0
567,1.0004052514280495,0.9993206788644317,0.9997256549966207,2.0
568,1.00067385712026,0.9995575726000357,1.0002311315874421,3.0
569,1.0008403901320144,0.9997570271244566,1.000597213064464,3.0
570,1.0013230688708497,1.000137301681204,1.001460552211634,4.0
571,1.001591233947156,1.000436070330162,1.0020279981672306,4.0
572,1.0017750232741425,1.0007032438422714,1.0024795153906012,4.0
573,1.001896136735774,1.000942316054602,1.0028402395504639,4.0
574,1.001929400303921,1.001133593772892,1.003065181232983,4.0
575,1.0019710487320712,1.0013218844777796,1.0032955387085747,4.0
576,1.001684019783073,1.0013241670821276,1.0030104167887628,4.0
577,1.0013596554494322,1.001271051036267,1.0026324346771671,4.0
578,1.0011988038205146,1.001271087007281,1.0024714146117562,4.0
579,1.0009597847937524,1.0012089097611658,1.002169854848124,4.0
580,1.0008262710205464,1.0011791064760769,1.0020063517581346,4.0
581,1.0009770951910795,1.001290140521792,1.0022684963029709,4.0
582,1.0012215379291949,1.0014638829969595,1.0026872091147594,4.0
583,1.0013570832939787,1.0015973071750062,1.0029565581478674,4.0
584,1.0013034857977106,1.001635781474908,1.0029413994905392,4.0
585,1.0010938759393482,1.001580203966987,1.002675808453434,4.0
586,1.0011572360373089,1.001651615134033,1.0028107624798945,4.0
587,1.0012812529306407,1.0017595118560085,1.0030430191663715,4.0
588,1.00130499501124,1.0018211514233155,1.0031285230280778,4.0
589,1.0010931409540635,1.0017532601120767,1.0028483176265717,4.0
590,1.0009607503567666,1.0017071707868057,1.0026695613085148,4.0
591,1.0009971733290934,1.0017399808783833,1.0027388892700018,4.0
592,1.0011206560464687,1.0018227588744755,1.0029454576066983,4.0
593,1.000926793164516,1.0017422203365756,1.0026706281789906,4.0
594,1.0011156003626136,1.0018519812106417,1.0029696476441654,4.0
595,1.0009944689236987,1.001808761872219,1.00280502955339,4.0
596,1.0007330999239796,1.0016769141894346,1.002411243459079,4.0
597,1.0006868317568325,1.0016387848087933,1.0023267421350752,4.0
598,1.0004571548480459,1.001497266297539,1.0019551056281315,4.0
599,1.000162898985017,1.0013012832174266,1.001464394180159,4.0
600,0.9997209522185226,1.0010010392554094,1.0007217121361487,5.0
601,0.9995079216349112,1.0007903587337084,1.0002978914501859,5.0
602,0.9991384518225961,1.0004814405417046,0.9996194775800795,6.0
603,0.9988931828581423,1.000214278818049,0.9991072245087225,6.0
604,0.9987952649849205,1.000013939150231,0.9988091873421691,6.0
605,0.9988707025741652,0.9999083351355794,0.99877914122664,1.0
606,0.9986319704244917,0.9996471214599513,0.9982795746327224,1.0
607,0.9986706935438442,0.9995239918011787,0.9981953181057948,1.0
608,0.9986344851293166,0.9993721875660351,0.9980075299825663,1.0
609,0.9988820117522517,0.9993797481497317,0.9982624533362626,1.0
610,0.9988304480084296,0.9992538586281053,0.9980851792876624,1.0
611,0.9990902205032215,0.9992989778983972,0.9983898361771535,1.0
612,0.9993897303725724,0.9993944915680081,0.9987845914639857,1.0
613,0.9997085948539227,0.9995310823380242,0.9992398138369668,1.0
614,0.9999488730738364,0.9996552154595246,0.9996041061611347,1.0
615,1.0001011463550222,0.9997529696930327,0.9998540910618399,2.0
616,1.0001473764471251,0.999805419594287,0.9999527673648433,2.0
617,0.999813756097371,0.9996531031717244,0.9994669238765146,1.0
618,0.9997703932517554,0.9996279016238276,0.9993983803118812,1.0
619,0.9996770598563995,0.99957172521787,0.9992489233813892,1.0
620,0.9993290560255647,0.9993688176624298,0.9986982971759807,1.0
621,0.9989960015355969,0.9991442696026533,0.998141130290255,1.0
622,0.9989328273207719,0.9990400886020209,0.9979739403140112,1.0
623,0.9987079994879834,0.9988465094965465,0.997555999294851,1.0
624,0.9988105854799058,0.9988158092195724,0.9976278031931869,1.0
625,0.9990934853857758,0.9988976263510121,0.997992111054611,1.0
626,0.9994368478633205,0.9990417253056574,0.9984791128234195,1.0
627,0.9996732174583173,0.9991603954413975,0.9988338872678264,1.0
628,0.9998300088403717,0.9992571442138743,0.9990872793331624,1.0
629,1.0001231250411724,0.9994414156313871,0.9995644718968361,2.0
630,1.000195649399669,0.999529745065664,0.9997253024602375,2.0
631,1.0003098967554855,0.9996442890893533,0.9999540756111819,2.0
632,1.00049148345135,0.999802509227325,1.0002938956152285,3.0
633,1.000519706923816,0.9998894832649948,1.0004091327524987,3.0
634,1.000595006760222,1.0000003068324121,1.0005953137752017,4.0
635,1.0004920306293446,1.0000162500339442,1.0005082886588033,4.0
636,1.0003806809803628,1.0000141686026278,1.000394854976708,4.0
637,1.0004751143484412,1.0001110041472359,1.00058617123534,4.0
638,1.0004857519092103,1.0001676978176977,1.000653531186443,4.0
639,1.0004942413369673,1.0002210727431218,1.0007154233433773,4.0
640,1.0004454326376453,1.0002409718021854,1.000686511776536,4.0
641,1.0004141907749349,1.0002633302119495,1.000677630055829,4.0
642,1.0000342855193456,1.0000903209251495,1.0001246095411949,4.0
643,0.9998421016646551,0.9999841823764914,0.999826286538723,1.0
644,0.999742123226364,0.9999114836551295,0.999653629707803,1.0
645,0.9996941490338164,0.9998594382569476,0.999553630281709,1.0
646,0.9995160108990397,0.9997337697469741,0.9992499094985547,1.0
647,0.9994341938513327,0.9996466608325338,0.99908105460534,1.0
648,0.9994624730437311,0.999614938701984,0.9990776187265428,1.0
649,0.9993983674481463,0.9995382006754584,0.9989368459571107,1.0
650,0.9993840051747506,0.9994854640833705,0.9988697862095831,1.0
651,0.9994320597213704,0.9994682055345805,0.9989005672834478,1.0
652,0.999382276080808,0.999404477363001,0.9987871213123862,1.0
653,0.9993084308208918,0.9993254660685904,0.9986343633763594,1.0
654,0.9991920544789177,0.9992191214361863,0.9984118068224421,1.0
655,0.9990773773270047,0.9991060605768148,0.9981842626725997,1.0
656,0.9990785617634786,0.9990491025226431,0.9981285404794165,1.0
657,0.9991732623881956,0.9990466952615209,0.9982207457825993,1.0
658,0.9991620925771014,0.9989981986018659,0.998161130595795,1.0
659,0.9991064355249701,0.9989270401832429,0.9980344344669884,1.0
660,0.9989797073184973,0.9988147262899466,0.9977956429345357,1.0
661,0.9993805918260572,0.9989814042777755,0.9983626270303491,1.0
662,0.9997416399934885,0.9991648898716629,0.9989067456242097,1.0
663,0.9997447980874645,0.9991858752647671,0.998930881118421,1.0
664,0.9998374105885592,0.9992547577008897,0.9990922894579557,1.0
665,0.9998493727447842,0.9992867107638692,0.9991361909494533,1.0
666,1.0000429839402938,0.9994172594436556,0.999460218335464,2.0
667,1.0001746842205779,0.9995296158602659,0.9997042179121569,2.0
668,1.000372040789566,0.9996869741109448,1.0000588984421117,3.0
669,1.000414024679726,0.9997739639698192,1.0001878950650502,3.0
670,1.0003204595471178,0.9997868091782435,1.0001072004063272,3.0
671,1.0003036460703592,0.9998294094146234,1.0001330036858216,3.0
672,1.0001307710528475,0.9997822441556287,0.9999129867323153,2.0
673,0.9998552025536893,0.9996609807107507,0.9995162323535673,1.0
674,0.9997954071995985,0.9996313618164067,0.9994268444367235,1.0
675,1.0001085691828688,0.9997997106182039,0.9999082580558182,2.0
676,1.0004181012020799,0.9999938951985949,1.00041199384825,3.0
677,1.0005497562571541,1.0001168158553233,1.000666636332725,4.0
678,1.0005699486279858,1.0001874293445896,1.0007574847976732,4.0
679,1.0006663762743768,1.0002978237604228,1.0009643984974874,4.0
680,1.0006176065040007,1.0003339735639805,1.0009517863322264,4.0
681,1.000776801444114,1.0004755317975205,1.0012527026354217,4.0
682,1.0007821492766873,1.000543846291633,1.0013264209373038,4.0
683,1.0007514295850113,1.0005889758833335,1.0013408480422483,4.0
684,1.0007385104341113,1.0006373556128572,1.001376336740739,4.0
685,1.0008354832805182,1.0007412225640042,1.0015773251235816,4.0
686,1.000935711934768,1.000852341132005,1.0017888506125425,4.0
687,1.0007575693814579,1.0008169064535772,1.001575094698352,4.0
688,1.0007128255871702,1.0008348258569837,1.0015482465293857,4.0
689,1.0006773732089929,1.000851299137761,1.0015292489939827,4.0
690,1.0005797288012241,1.0008285257272649,1.0014087348487157,4.0
691,1.0003029168070894,1.000697524294117,1.0010006523930384,4.0
692,1.0000632410989294,1.0005611951843854,1.000624471773915,4.0
693,0.9996882305872583,1.0003303142123325,1.0000184418177227,5.0
694,0.9993412592659102,1.0000833594803251,0.9994245638339501,6.0
695,0.999384986155783,1.0000223463275038,0.999407318739986,6.0
696,0.9992777244577942,0.9998880278813291,0.999165833213846,1.0
697,0.9992926534715582,0.9998154638329598,0.9991082478355351,1.0
698,0.9993771565083917,0.9997870251619067,0.9991643143202901,1.0
699,0.9995350910102042,0.9998105745015894,0.9993457535774107,1.0
700,0.9994185922950397,0.9997022172231933,0.9991209826514339,1.0
701,0.9992561117328709,0.9995612636147966,0.9988177017185168,1.0
702,0.9992756058066917,0.9995083636186561,0.9987843255638876,1.0
703,0.9992241521116225,0.99942235848876,0.9986469587623293,1.0
704,0.999195112705986,0.9993475491420131,0.9985431869974046,1.0
705,0.9993079060441054,0.9993510542198479,0.9986594093954054,1.0
706,0.9995150959782838,0.9994194671246411,0.9989348446056509,1.0
707,0.999683907062875,0.9994879223844884,0.9991719913114809,1.0
708,0.9997521961428264,0.9995178770195582,0.9992701926343188,1.0
709,1.0000287420949099,0.9996678815766304,0.999696614125761,2.0
710,1.0001479783726315,0.9997565332957812,0.999904475640606,2.0
711,1.0000864928533812,0.9997556826963566,0.9998421544180373,2.0
712,1.0000280880598342,0.9997491117632492,0.9997771927761198,2.0
713,1.0001685419502337,0.9998443388991248,1.000012854613933,3.0
714,1.0002465528140545,0.9999167660655794,1.0001632983580733,3.0
715,1.0004747545625983,1.0000762269264438,1.0005510176781232,4.0
716,1.0004795697518882,1.000131807616959,1.0006114405797935,4.0
717,1.0003310336126492,1.0001009193346782,1.0004319863550193,4.0
718,1.0003597511945546,1.0001506108007383,1.000510416177708,4.0
719,1.0003978972494099,1.0002059185890453,1.0006038977728953,4.0
720,1.0003858068337166,1.0002350871878827,1.000620984719843,4.0
721,1.0004231155160461,1.0002879772289268,1.0007112145926067,4.0
722,1.0004376408619942,1.0003297534178393,1.0007675385934034,4.0
723,1.000241234199194,1.0002556619024492,1.0004969577760376,4.0
724,0.9996401991928316,0.9999415973603588,0.9995818175665074,1.0
725,0.9994040779134294,0.9997728144478311,0.9991770277461487,1.0
726,0.9990759593472479,0.9995355642074902,0.998611952712291,1.0
727,0.9985950550191058,0.9991898153542225,0.99778600863818,1.0
728,0.9984410396144936,0.9989849401822828,0.9974275622348211,1.0
729,0.9980257002924029,0.9986316006690171,0.9966600025918191,1.0
730,0.9976652757429931,0.9982794301611669,0.9959487229602986,1.0
731,0.9976186007835669,0.998075776123476,0.9956989592522747,1.0
732,0.9978732223582126,0.9980427324125395,0.9959201174436961,1.0
733,0.9981175924916286,0.9980368710205682,0.9961581589209275,1.0
734,0.9984608446605479,0.9981147513798083,0.9965784977308361,1.0
735,0.9986945659016099,0.9981698031422396,0.9968667582452344,1.0
736,0.9989031327219072,0.998236110804591,0.9971411782788389,1.0
737,0.9988925250649228,0.9982042347434511,0.9970987485733849,1.0
738,0.9989843286196693,0.9982288006167359,0.9972149281929278,1.0
739,0.9990879117441931,0.9982694124688692,0.9973589026616251,1.0
740,0.999042447454198,0.9982388840741002,0.9972830178893365,1.0
741,0.9990081269062104,0.9982107719720117,0.9972206735653618,1.0
742,0.9991930490395506,0.9982996825182755,0.997494103630651,1.0
743,0.9991303810194527,0.9982706704028679,0.9974025552801619,1.0
744,0.9990397797097369,0.9982206071395222,0.9972620954583881,1.0
745,0.9989744971542317,0.9981764051323212,0.9971527723882793,1.0
746,0.9990689210447697,0.9982140002510894,0.9972845842026394,1.0
747,0.9990736849246015,0.998211892150241,0.9972872334261,1.0
748,0.9991573965355496,0.9982535121361331,0.9974123802684074,1.0
749,0.9992509336762989,0.9983081078930773,0.9975603089087769,1.0
750,0.999489386277467,0.9984497325732467,0.9979399104385354,1.0
751,0.9996944716967326,0.9985935081515752,0.9982884095713759,1.0
752,0.999913431201887,0.9987610275943849,0.9986745660526241,1.0
753,1.0000237808655947,0.9988857292196678,0.998909483586939,2.0
754,1.0000848310450587,0.9989893771053852,0.9990741224182476,2.0
755,1.0002508625693303,0.9991514375828731,0.9994020872796552,2.0
756,1.0004143246385235,0.9993224397708433,0.9997364836794699,2.0
757,1.0004454611317148,0.9994307141406249,0.9998759216776164,2.0
758,1.0004551670089596,0.9995245158691874,0.9999794664534574,2.0
759,1.0003938089054634,0.9995750336400029,0.9999686751899292,2.0
760,1.0003694606970241,0.9996352463853988,1.0000045723202984,3.0
761,1.0003571163300298,0.9996954094783288,1.0000524170341094,3.0
762,1.0003533301984153,0.9997551012126291,1.0001083448809072,3.0
763,1.0003274650993474,0.9997986699345951,1.0001260691053726,3.0
764,1.0003852910385806,0.9998821299446569,1.0002673755689613,3.0
765,1.0002606398032097,0.9998679762812261,1.0001285816737997,3.0
766,1.0002384022600725,0.9998954448302004,1.0001338221640843,3.0
767,1.0002309317993896,0.999926609279425,1.0001575241305636,3.0
768,1.0002057426459194,0.9999453122352678,1.000151043629582,3.0
769,1.00022514579058,0.9999841562833289,1.0002092985067628,3.0
770,1.0003307087033328,1.0000700106721367,1.0004007425286081,4.0
771,1.0001982209351363,1.0000335790239405,1.0002318066151423,4.0
772,1.0006346806264412,1.0002937532530514,1.0009286203189913,4.0
773,1.0010292052763015,1.0005683140490398,1.001598104237159,4.0
774,1.0013425341547286,1.0008298552799624,1.0021735035437478,4.0
775,1.0015360442442804,1.0010481785536827,1.0025858328465975,4.0
776,1.0017679747801207,1.001297783991944,1.0030680532214322,4.0
777,1.0019641949097513,1.0015409399651183,1.0035081615813053,4.0
778,1.0022421340109942,1.001837888773015,1.0040841435769354,4.0
779,1.002401487260878,1.0020857972002313,1.0044922934765146,4.0
780,1.0021833382453078,1.002131606838296,1.0043195991023377,4.0
781,1.0020599756365798,1.002199909446196,1.0042644168426376,4.0
782,1.0019491907548717,1.0022559242951237,1.0042095122767751,4.0
783,1.0016274480235714,1.0021797805850274,1.0038107760882038,4.0
784,1.0014614815301173,1.0021542909033103,1.0036189208897934,4.0
785,1.0014067103755848,1.0021709287127674,1.0035806929562971,4.0
786,1.0013461951575224,1.0021767612525043,1.0035258867554842,4.0
787,1.0011304091612327,1.0020900899926246,1.0032228618107328,4.0
788,1.0010918090360774,1.0020792474148918,1.0031733265920852,4.0
789,1.001175710858103,1.0021312709810555,1.0033094875975923,4.0
790,1.001105198854912,1.0021059982839033,1.0032135246857072,4.0
791,1.00116678555066,1.00214583461725,1.0033151238967357,4.0
792,1.0013866410037011,1.0022771729373694,1.003666971562438,4.0
793,1.0020692030616296,1.00268012521666,1.0047548740015932,4.0
794,1.0023161583765772,1.0029035845837346,1.0052264681220675,4.0
795,1.0024383349670725,1.0030752823177609,1.0055211158532424,4.0
796,1.002623758504961,1.0032859895777355,1.0059183697257985,4.0
797,1.0026818467703007,1.0034367959542843,1.006127859684715,4.0
798,1.0030096002053723,1.0037330117967358,1.006753846875178,4.0
799,1.0030309724409336,1.003883481365014,1.0069262245309398,4.0
800,1.0029934867330879,1.0039951631962276,1.0070006093973398,4.0
801,1.002627811868212,1.0039159263929394,1.0065540285790018,4.0
802,1.002349442442626,1.0038447806178288,1.0062032561512209,4.0
803,1.0013120237710538,1.003329405801733,1.0046457978323422,4.0
804,1.0006341249653898,1.0029161084262128,1.0035520825687576,4.0
805,1.000013842827794,1.002477388370912,1.0024912654927665,4.0
806,0.9996841647346874,1.0021488041777287,1.0018322902442787,5.0
807,0.9995074980037515,1.0018837368809577,1.001390307140535,5.0
808,0.9993575273009936,1.001627966619704,1.0009844479965895,5.0
809,0.9991051456601541,1.001313801448383,1.0004177714476092,5.0
810,0.9990659716120013,1.001104372602371,1.0001693126990105,5.0
811,0.9988000779542078,1.0007794174312472,0.9995785601452963,6.0
812,0.9987874038600405,1.0005799771786583,0.9993666777606106,6.0
813,0.9990322624051953,1.0005314006192236,0.9995631487680616,6.0
814,0.999184012432685,1.000464681148323,0.9996483144069683,6.0
815,0.9993094915203958,1.000406065414941,0.9997152765437244,6.0
816,0.9995245545659047,1.0004150351482046,0.9999393923875431,6.0
817,0.9998923663189486,1.0005328239944087,1.0004251329635494,5.0
818,1.0000228635587676,1.000558645342963,1.000581521674351,4.0
819,1.0001533313957565,1.0005987103937195,1.0007521335905762,4.0
820,1.0003910356308332,1.0007106835888175,1.0011019971222561,4.0
821,1.000294846972516,1.0006625133244733,1.0009575556370371,4.0
822,1.000276472306326,1.0006480587817748,1.000924710258407,4.0
823,1.0001320970142362,1.000563513056608,1.0006956845092363,4.0
824,1.0002509639673034,1.0006102041323781,1.0008613212389315,4.0
825,1.000146094215323,1.0005464148612397,1.0006925889046132,4.0
826,1.000319337850204,1.000625510030171,1.0009450476294033,4.0
827,1.0004021622879362,1.0006714900106455,1.0010739223465408,4.0
828,1.0003793271707526,1.0006670720476265,1.0010466522569315,4.0
829,1.0004643362813648,1.000719001295687,1.0011836714354398,4.0
830,1.0003999244470236,1.00069655362678,1.0010967566426276,4.0
831,1.0003452653175364,1.0006729783623665,1.001018476035991,4.0
832,1.000174292318438,1.0005807475136774,1.0007551410519462,4.0
833,1.000218325833629,1.0005906834859501,1.0008091382810436,4.0
834,1.0000492411701898,1.0004890944228888,1.0005383596766604,4.0
835,1.0000425462017424,1.0004617555817918,1.0005043214294804,4.0
836,1.0002166024068797,1.0005338661288796,1.0007505841724478,4.0
837,1.0009656402117646,1.0009365730871633,1.0019031176915623,4.0
838,1.001784082454489,1.0014439944109936,1.0032306530705757,4.0
839,1.0023662745911588,1.001891246478225,1.004261996277871,4.0
840,1.0029771810755908,1.002398065651296,1.005382386202562,4.0
841,1.003371724058629,1.0028302298156682,1.0062114966282583,4.0
842,1.0034025174857955,1.0030851015725033,1.0064981161703448,4.0
843,1.0032110372849878,1.0032065226626907,1.0064278562115037,4.0
844,1.0031869060925633,1.0033887835979767,1.0065864894256347,4.0
845,1.0035645422281758,1.0037769074525524,1.0073549126268346,4.0
846,1.003538298275554,1.003966326350428,1.007518658671668,4.0
847,1.0035090405319684,1.0041393241359744,1.0076628897241109,4.0
848,1.0033967360731009,1.0042527215915855,1.0076639030375254,4.0
849,1.0031760849573341,1.00428619763317,1.007475895918331,4.0
850,1.0030094977026822,1.0043203236075897,1.0073428233142439,4.0
851,1.0029387039577866,1.0043844752822888,1.0073360639149405,4.0
852,1.0032884588535,1.0046661958845662,1.007969999331235,4.0
853,1.003712499188102,1.0050140817865258,1.0087451957491893,4.0
854,1.0039590334599782,1.005295300902502,1.0092752986359341,4.0
855,1.004077572776417,1.0055193241432416,1.0096194023655296,4.0
856,1.0042268514653125,1.0057609515358206,1.010012153687574,4.0
857,1.0041098134254371,1.0058601210479174,1.009994018477512,4.0
858,1.0042583558325975,1.0060843977412126,1.010368663104419,4.0
859,1.0043016674276826,1.0062554266920705,1.0105840028850006,4.0
860,1.0044330285278107,1.0064695012757858,1.0109312092873128,4.0
861,1.0044329718115417,1.0066144896033018,1.0110767832608027,4.0
862,1.0043698123970977,1.0067159955876024,1.0111151556254776,4.0
863,1.0041981265350175,1.0067440989243845,1.0109705380400513,4.0
864,1.0034610142872922,1.006439938020907,1.009923241025699,4.0
865,1.0026903707324941,1.006046442167563,1.0087530800711004,4.0
866,1.0024400805817846,1.0058679033822524,1.0083223021211358,4.0
867,1.0021642383546123,1.0056558983194868,1.007832377386172,4.0
868,1.0019451773035695,1.0054543796463977,1.0074101666854605,4.0
869,1.0016903128214654,1.0052190206318952,1.0069181552308502,4.0
870,1.0014175533616843,1.0049573422087956,1.006381922867593,4.0
871,1.0011530559018105,1.0046830781265634,1.0058415338792464,4.0
872,1.0010353570469006,1.004473631594428,1.0055136204473252,4.0
873,1.0009140900645879,1.0042607561092125,1.0051787408886275,4.0
874,1.0009009084516782,1.0041051699380563,1.0050097767720274,4.0
875,1.0008682793976436,1.0039468728538117,1.0048185792398392,4.0
876,1.0010377516191165,1.003904607706891,1.0049464113389774,4.0
877,1.0011803682179332,1.003870852738112,1.0050557899875934,4.0
878,1.0010194537291814,1.003690753017595,1.0047139692987037,4.0
879,1.0010431702821165,1.0036029112476033,1.0046498399796624,4.0
880,1.0011526454116628,1.0035701356911297,1.004726896203316,4.0
881,1.0012108950344132,1.003524689911488,1.0047398529754128,4.0
882,1.0012860099967393,1.0034983054017728,1.0047888142542303,4.0
883,1.0014107914223154,1.003509786637689,1.004925529636887,4.0
884,1.0021003790170813,1.0038443710373368,1.0059528246906788,4.0
885,1.0020640004380503,1.0038457171531001,1.005917655153039,4.0
886,1.0017048090327338,1.0036661489451046,1.0053772080616754,4.0
887,1.0013203216606041,1.003440112303055,1.0047649760184476,4.0
888,1.0009551656801514,1.003191774632535,1.0041499889862742,4.0
889,1.0007330109561745,1.0029923527896112,1.0037275571731652,4.0
890,1.0007484099848014,1.0029077916074634,1.0036583778125376,4.0
891,1.0006726077334942,1.0027804761550243,1.003454954058283,4.0
892,1.0005762880970226,1.002640525563851,1.003218335364326,4.0
893,1.0008289200713205,1.0026878634302299,1.0035190115254966,4.0
894,1.0011404690338326,1.0027951871049516,1.0039388439631212,4.0
895,1.001590555887216,1.0030095423212708,1.0046048850537437,4.0
896,1.0017773454489518,1.00312175299554,1.0049046468779712,4.0
897,1.0014995369907809,1.0029959963504,1.0045000259485326,4.0
898,1.0014293954482634,1.0029575955549639,1.0043912185768513,4.0
899,1.0013438428546086,1.0029045959240677,1.0042523420991545,4.0
900,1.001422860561375,1.0029343182944117,1.0043613539815626,4.0
901,1.0017453476282685,1.0031048533814635,1.0048556200582175,4.0
902,1.0020266758146772,1.0032817623431032,1.0053150892261509,4.0
903,1.00184792642002,1.0032306676830676,1.0050845641392534,4.0
904,1.0016238490514806,1.003136197443646,1.0047651392063708,4.0
905,1.0014541540452195,1.0030499733217175,1.0045085624979808,4.0
906,1.0011802529148925,1.002891487313581,1.0040751529148038,4.0
907,1.0008950622906116,1.002703261636973,1.0036007435151377,4.0
908,1.0006493789580904,1.0025134798079478,1.003164490966937,4.0
909,0.9999188472055468,1.0020409981768124,1.0019596797496537,5.0
910,0.9994456194470354,1.0016492270434758,1.0010939321911108,5.0
911,0.9985749601746142,1.0010076259489078,0.9995811502164158,6.0
912,0.9981868594702595,1.0005627255376466,0.9987485647074266,6.0
913,0.9981276917508856,1.000277025922852,0.998404198995817,6.0
914,0.9981090832348373,1.0000235832108841,0.9981326218518325,6.0
915,0.9983729430818906,0.9999370236446771,0.9983100691926823,1.0
916,0.998342472875455,0.9997273498410898,0.9980702746415787,1.0
917,0.9982844513807597,0.99951169642599,0.997796985515272,1.0
918,0.9982759150369493,0.9993290332295026,0.9976061050701717,1.0
919,0.9981944216492635,0.9991166772603398,0.9973126938180188,1.0
920,0.9982793079448877,0.9989979042644106,0.997278936507469,1.0
921,0.9981545379594894,0.9987824312959471,0.9969392162322616,1.0
922,0.9983181276514322,0.9987219027107989,0.9970421799587206,1.0
923,0.9983938518591072,0.9986369642649879,0.9970330053614069,1.0
924,0.9984474910051554,0.998554286353763,0.997004021842358,1.0
925,0.998497975664098,0.9984813709362778,0.9969816276181868,1.0
926,0.9985986788592448,0.9984463151755966,0.9970471712462319,1.0
927,0.9990667886309043,0.9986257261592957,0.9976937972781723,1.0
928,0.9996000495071953,0.998886561573698,0.9984870564011405,1.0
929,0.9999226646845294,0.9990814450174501,0.9990041807387189,1.0
930,1.0003601507233184,0.9993663710314024,0.9997262935527893,2.0
931,1.0006506739922898,0.999606983874771,1.0002574021416897,3.0
932,1.000766010033249,0.9997726785380545,1.0005385144407828,3.0
933,1.0010254428954164,1.0000210265178209,1.0010464909747308,4.0
934,1.0011764282820546,1.000226632053791,1.0014033269522034,4.0
935,1.000982195244104,1.000249584551253,1.0012320249361162,4.0
936,1.0009967643473114,1.0003615789466218,1.001358703702936,4.0
937,1.0010607081593996,1.0004955128570692,1.0015567466109996,4.0
938,1.0011701255194985,1.0006539255302767,1.001824816224726,4.0
939,1.0013077852957626,1.0008314509112655,1.0021403235663038,4.0
940,1.0015809586818267,1.0010889754959955,1.0026716558030868,4.0
941,1.0015137827790048,1.0011781280944456,1.0026936943034712,4.0
942,1.0013881235157178,1.0012217523595555,1.0026115718184538,4.0
943,1.0014119451468992,1.001329112840236,1.0027429346215597,4.0
944,1.0015375513207718,1.0014884521466794,1.0030282920390152,4.0
945,1.0016630692012667,1.0016533364646303,1.0033191552788505,4.0
946,1.0015859589227307,1.0017127446777667,1.0033014199432013,4.0
947,1.0014251098705973,1.0017134219156534,1.003140973600735,4.0
948,1.0007724307195218,1.0014259685692468,1.0021995007506965,4.0
949,1.0002241884786633,1.0011339380695543,1.0013583807640682,4.0
950,0.9999616832080788,1.0009491295666266,1.0009107764071055,5.0
951,0.9995958736034449,1.0006874383360025,1.0002830341274698,5.0
952,0.9993151478065018,1.000443760789881,0.9997586046858324,6.0
953,0.9992069273423154,1.0002749221851848,0.9994816314942321,6.0
954,0.9990999106450132,1.0001038866399445,0.9992037037776991,6.0
955,0.9989430495566971,0.9999031197336857,0.9988462716880232,1.0
956,0.9989564200298022,0.9997882940328894,0.9987449349947984,1.0
957,0.9989260124845817,0.9996581908679584,0.9985845704512806,1.0
958,0.9993474191568114,0.9997784961270397,0.9991260598330352,1.0
959,0.9993998682291197,0.9997414563954417,0.9991414797847926,1.0
960,0.9994248315499831,0.9996980286427977,0.9991230338771783,1.0
961,0.9993901875702906,0.999627761499702,0.999018176065657,1.0
962,0.9994357811804262,0.9996012935996134,0.9990372997376942,1.0
963,0.9995486282029572,0.9996186145962247,0.999167414945797,1.0
964,0.999571069249267,0.9995992670450277,0.9991705081809819,1.0
965,0.999611042221354,0.9995933681123762,0.999204568496366,1.0
966,0.9995417312083805,0.9995330847534651,0.9990750299345316,1.0
967,0.9995194840555142,0.9994937175590465,0.9990134448913459,1.0
968,0.9995033936905805,0.9994573965121484,0.9989610596630445,1.0
969,0.9994518308569865,0.9994019882934959,0.9988541469620471,1.0
970,0.9992568311356004,0.9992655095255806,0.9985228865116328,1.0
971,0.9989280635714463,0.9990408206719696,0.9979699124226791,1.0
972,0.9987033181857532,0.9988466666216946,0.9975514803138652,1.0
973,0.9986631746504968,0.9987376429300235,0.9974025051314516,1.0
974,0.9987911732475472,0.9987219462208665,0.997514664414013,1.0
975,0.9990446908347901,0.9987910770597191,0.9978369227896741,1.0
976,0.9992302482231749,0.9988496913510801,0.9980808250263813,1.0
977,0.9994983184715444,0.9989722192658287,0.9984710533559826,1.0
978,0.9996685872564884,0.9990665017255353,0.998735398355248,1.0
979,0.9999279919201652,0.9992243363415748,0.9991523841157907,1.0
980,1.0001747388526356,0.9993971865735501,0.9995718200912592,2.0
981,1.000379539990757,0.9995666328692733,0.9999460083798734,2.0
982,1.0005501813656024,0.9997320378999598,1.000282071837808,3.0
983,1.000626087616559,0.9998564314545461,1.0004824291846166,3.0
984,1.000608321251081,0.9999313712985949,1.0005396508013784,3.0
985,1.0005935741392287,1.000001261946144,1.0005948368344313,4.0
986,1.0004610379506271,1.000000841199812,1.0004618795382643,4.0
987,1.0005050071575476,1.000080695421916,1.000585743331229,4.0
988,1.0004284446186804,1.0000952649089667,1.000523750343385,4.0
989,1.0003246179328535,1.0000847889905444,1.0004094344474248,4.0
990,1.0002047856732843,1.0000536278473868,1.0002584245028858,4.0
991,1.0001305536367475,1.000034707302159,1.0001652654700708,4.0
992,1.00024993245362,1.0001135597975834,1.0003635206334822,4.0
993,1.000472213802273,1.0002582709762633,1.000730606737656,4.0
994,1.0005455513969232,1.0003399029289495,1.0008856397603905,4.0
995,1.0006883486641647,1.0004633996800032,1.0011520673247185,4.0
996,1.0005547735609175,1.0004458858763434,1.0010009068029564,4.0
997,1.0005820569377577,1.0005010227617075,1.0010833713232397,4.0
998,1.000438760680054,1.0004630306220337,1.0009019944617183,4.0
999,1.0004223713927918,1.0004792171939627,1.000901790994388,4.0
1000,1.0002399183740316,1.000401823197858,1.000641837976658,4.0
1001,1.0002018685421286,1.00038578926571,1.0005877356865553,4.0
1002,1.0003306442265332,1.0004571333650532,1.000787928740094,4.0
1003,1.0003703062161933,1.0004911483156198,1.0008616364070875,4.0
1004,1.0004011698197655,1.0005231103333254,1.000924490009169,4.0
1005,1.0002784424986613,1.0004730700390034,1.0007516442604685,4.0
1006,1.0002136222383529,1.0004427801430384,1.0006564969690765,4.0
1007,1.0001502080628975,1.0004072365531698,1.000557505786281,4.0
1008,1.0000226787619138,1.000331188831534,1.0003538751044005,4.0
1009,0.9998544370871255,1.000222099185953,1.000076503943674,5.0
1010,0.9997293809630692,1.000122798824519,0.9998521465558885,6.0
1011,0.9993298248854768,0.9998647376151365,0.9991946531500976,1.0
1012,0.9991932197463003,0.9997173033228338,0.998910751143231,1.0
1013,0.9990535492662614,0.9995606065449419,0.9986145716754613,1.0
1014,0.9989287587320062,0.9994046165314688,0.9983340130628167,1.0
1015,0.9988308047447179,0.999257602155191,0.9980892749079466,1.0
1016,0.9989414220667208,0.9992212669547631,0.9981635133711015,1.0
1017,0.9991923579164368,0.9992769825293222,0.9984699243850954,1.0
1018,0.9993053304878483,0.9992845228097387,0.9985903503177777,1.0
1019,0.9994010239039494,0.9992958690997433,0.9986973147612705,1.0
1020,0.9998571705653057,0.9995146655199101,0.9993719054052652,1.0
1021,1.0000801310098946,0.9996483692471934,0.9997284720805605,2.0
1022,1.0003379265855252,0.9998200380215606,1.000157903793149,3.0
1023,1.0004524453479973,0.9999344109288603,1.0003868266013876,3.0
1024,1.000505801339957,1.0000223715305365,1.0005281841860436,4.0
1025,1.000582589237712,1.0001242654276752,1.000706927061088,4.0
1026,1.0003395420709345,1.0000547517022733,1.0003943123637142,4.0
1027,1.0001103757016285,0.99996757240901,1.0000779445314205,3.0
1028,0.9999368007212962,0.9998882378718332,0.9998250456564153,1.0
1029,0.9999129039755478,0.9998743169528808,0.9997872318749222,1.0
1030,1.0001661436361289,1.0000095143326937,1.0001756595495683,4.0
1031,1.0002687005627768,1.0000850332748288,1.0003537566860945,4.0
1032,1.0003453873868793,1.0001543009352951,1.000499741615771,4.0
1033,1.0004156704669867,1.000225179323623,1.0006409433910042,4.0
1034,1.0005598096018076,1.000340596728793,1.0009005969999196,4.0
1035,1.000777437374643,1.000506632175173,1.001284463424604,4.0
1036,1.0009329708395014,1.0006551324737722,1.0015887145327678,4.0
1037,1.0010151842276758,1.0007734819404133,1.0017894513947554,4.0
1038,1.0017638230585812,1.0012587020872714,1.003024745273618,4.0
1039,1.0017915838119418,1.001411654992961,1.0032057679031363,4.0
1040,1.0013115619930053,1.0012812539473932,1.0025944963843794,4.0
1041,1.0008546333635244,1.0011131635419155,1.0019687482521418,4.0
1042,1.0009845684329073,1.0012202435431132,1.0022060133892934,4.0
1043,1.0011276726663039,1.0013437978716366,1.0024729859020693,4.0
1044,1.0011430730606847,1.001407493250058,1.00255217517836,4.0
1045,1.0006449740234167,1.0011888374754578,1.0018345782681644,4.0
1046,1.0003127592805545,1.0010136366541715,1.0013267129589967,4.0
1047,0.9997034307411004,1.0006577186697836,1.0003609543517453,5.0
1048,0.9993859008561505,1.0004087924937788,0.9997944423108088,6.0
1049,0.9994373705420097,1.0003376739554883,0.9997748545121835,6.0
1050,0.999554100804279,1.0003126782557106,0.9998666396370068,6.0
1051,0.999739224573695,1.0003406337384393,1.0000797694832257,5.0
1052,0.9999930419744817,1.0004268042619182,1.0004198432666849,5.0
1053,1.000167340342128,1.0004951613308581,1.0006625845334527,4.0
1054,1.0002692130846806,1.000541002860363,1.0008103615900925,4.0
1055,1.0003720085764427,1.0005969262279844,1.0009691568661034,4.0
1056,1.0006324377091882,1.0007479621416788,1.0013808728903306,4.0
1057,1.0009939081338008,1.0009766385191132,1.001971517341882,4.0
1058,1.0009498751317385,1.0010139373643125,1.0019647756099386,4.0
1059,1.0012667726768225,1.001240722808247,1.0025090671988226,4.0
1060,1.001304772269511,1.0013399259348879,1.0026464465026017,4.0
1061,1.0010842742579518,1.0012965403532725,1.002382220416554,4.0
1062,1.0009046126603875,1.0012513266649425,1.0021570712912735,4.0
1063,1.0009037177102689,1.001284651618836,1.0021895302915242,4.0
1064,1.0008130742896726,1.0012668462142846,1.0020809505440431,4.0
1065,1.000663231688867,1.0012068094049515,1.0018708414880586,4.0
1066,1.0007289107069064,1.0012498757611357,1.0019796975158666,4.0
1067,1.0007548774700903,1.0012766215428648,1.0020324627057957,4.0
1068,1.0011109786928336,1.0014851437499876,1.0025977724058832,4.0
1069,1.0012464509456924,1.001603795341435,1.0028522453393474,4.0
1070,1.001306667007186,1.0016905961786848,1.00299947223212,4.0
1071,1.0012740005900307,1.0017287052588697,1.0030049082204202,4.0
1072,1.0011785130820097,1.0017262193452137,1.0029067667993041,4.0
1073,1.0010292059414498,1.0016829009320325,1.0027138389251204,4.0
1074,1.0006217411621987,1.0014831759508522,1.0021058392645903,4.0
1075,1.0002197290883554,1.0012491997182216,1.0014692032920924,4.0
1076,0.9998185560814121,1.000981228311232,1.0007996063547344,5.0
1077,0.9997866808018833,1.0008823355014382,1.0006688280842198,5.0
1078,0.999650924596982,1.000728944448804,1.0003796145892088,5.0
1079,0.9995801138065659,1.0006038342670243,1.0001836945319182,5.0
1080,0.999555747970354,1.0005030617243083,1.00005858620847,5.0
1081,0.9995240632013137,1.000401462204211,0.9999253343348884,6.0
1082,0.9995147434636404,1.0003143807377266,0.9998289716460592,6.0
1083,0.9996007261426205,1.0002834078234897,0.9998840208087753,6.0
1084,0.9997232988652118,1.0002846816211173,1.0000079017146015,5.0
1085,0.9996021363400831,1.0001678310988338,0.9997699006650216,6.0
1086,0.9998215940897038,1.0002291157663017,1.0000506689803987,5.0
1087,0.9999237228640353,1.0002493040004432,1.0001730078482833,5.0
1088,0.9999294145611329,1.0002280505150005,1.0001574489790879,5.0
1089,0.9999086100333483,1.0001943244684532,1.0001029167424949,5.0
1090,1.0000029393081906,1.0002229177772821,1.0002258577406968,4.0
1091,1.0000410394727655,1.0002305431910554,1.000271592125192,4.0
1092,0.9999997372996249,1.0001990137901535,1.0001987510374972,5.0
1093,1.0000245009576294,1.000200425721293,1.0002249315895446,4.0
1094,0.9999744767376558,1.0001639606526715,1.0001384332055165,5.0
1095,1.0000071929866232,1.0001687733565945,1.000175967557202,4.0
1096,1.0000029053927906,1.0001570762437428,1.0001599820929017,4.0
1097,0.9999866110049005,1.0001390195176485,1.0001256286612172,5.0
1098,1.0000687040965734,1.0001737491370852,1.000242465170936,4.0
1099,1.0000834183805665,1.0001795719933193,1.0002630053534907,4.0
1100,1.0001975022003264,1.0002410356118996,1.0004385854172897,4.0
1101,1.0004562973569673,1.0003915781966097,1.0008480542296734,4.0
1102,1.0006748468703035,1.000542451191521,1.0012176641333135,4.0
1103,1.0006745574748306,1.000591252661173,1.0012662089699058,4.0
1104,0.9999937574790808,1.000265741364671,1.0002594971848557,5.0
1105,0.999459759506502,0.9999576949177502,0.9994174772791709,1.0
1106,0.9991468318036686,0.9997242539418439,0.9988713210032796,1.0
1107,0.9989674180825818,0.9995398724973241,0.9985077656992449,1.0
1108,0.9990840324601558,0.9995062510548296,0.998590735772992,1.0
1109,0.9994673043133793,0.9996341262710883,0.9991016254838248,1.0
1110,0.9994118263554949,0.9995615140797502,0.9989735983411069,1.0
1111,0.999295974626295,0.9994536762249117,0.9987500354770067,1.0
1112,0.999381170518186,0.9994479280429451,0.9988294401995342,1.0
1113,0.999429208034557,0.9994325894714102,0.998862121379338,1.0
1114,0.9997165263580322,0.9995544586907107,0.9992711113479604,1.0
1115,0.9997482153725091,0.9995643784504572,0.999312703505776,1.0
1116,0.999523807542912,0.9994378985154602,0.9989619737268592,1.0
1117,0.999448687185471,0.9993732998615196,0.9988223325548077,1.0
1118,0.9994647552321204,0.9993532271711406,0.9988183285850336,1.0
1119,0.9994232021616327,0.9993049035962057,0.9987285066879417,1.0
1120,0.9993964208333109,0.9992625266243925,0.998659392581269,1.0
1121,0.9996201587801524,0.999356047462745,0.9989764508426147,1.0
1122,0.9998767612776392,0.9994889560482243,0.9993657803062672,1.0
1123,0.9997100719338305,0.9994140735249063,0.9991243153352667,1.0
1124,0.9997895721691944,0.9994577839055397,0.9992474701720908,1.0
1125,0.9998097042038436,0.9994761058810098,0.9992859097797019,1.0
1126,0.9999748781586583,0.9995748655197976,0.9995497543586167,1.0
1127,0.999969126358371,0.999594438559155,0.9995635774386845,1.0
1128,0.9999925968537933,0.9996280685563717,0.9996206681636278,1.0
1129,1.0002217188517923,0.9997746975571888,0.9999963664551822,2.0
1130,1.0004528276309412,0.9999413388060152,1.0003941398735468,3.0
1131,0.999854911188348,0.9996736109573372,0.9995285695010835,1.0
1132,0.9994612423723734,0.9994611501022704,0.9989226827841364,1.0
1133,0.9993647893752046,0.9993759422202949,0.9987411280036317,1.0
1134,0.9991951825589224,0.9992443504257772,0.9984401411446563,1.0
1135,0.9990330134331806,0.9991042626661703,0.99813814226532,1.0
1136,0.9991203006009939,0.9990889648585982,0.9982100668966585,1.0
1137,0.9994699096741718,0.9992281443142641,0.9986984631416678,1.0
1138,0.9996836544455223,0.9993272050280828,0.9990110723093036,1.0
1139,0.9998918791265952,0.9994431746737167,0.9993351140047524,1.0
1140,1.0001307812613498,0.9995941151594199,0.9997248433386381,2.0
1141,1.000384393273386,0.9997729360497601,1.0001572420412912,3.0
1142,1.0004684539017994,0.9998791798283211,1.0003475771314396,3.0
1143,1.0005404590077374,0.9999826085424095,1.000523058150777,3.0
1144,1.0004028178259974,0.9999740912829892,1.0003768986724935,3.0
1145,1.0002845210624407,0.999959957053216,1.000244466722595,3.0
1146,1.0002358105496783,0.9999703038911667,1.0002061074381894,3.0
1147,1.0002494336466976,1.00000812627508,1.000257561948744,4.0
1148,1.000278861208391,1.000053931774086,1.0003328080219567,4.0
1149,1.0006374312516386,1.000280155944204,1.0009177657759967,4.0
1150,1.0009329725458516,1.0005018271301886,1.0014352678669756,4.0
1151,1.0014560371780556,1.0008702672025973,1.0023275715220548,4.0
1152,1.002014536041854,1.0012994264838557,1.003316580267195,4.0
1153,1.002053105016907,1.0014863192144234,1.0035424758007663,4.0
1154,1.001906635737835,1.0015653999659122,1.0034750203512663,4.0
1155,1.0019810179690152,1.0017425695513538,1.0037270395819624,4.0
1156,1.0017289009837287,1.0017395693508433,1.003471477877734,4.0
1157,1.001351996533191,1.0016379537752311,1.0029921648162479,4.0
1158,1.0010447614840292,1.0015348227253802,1.0025811877330777,4.0
1159,1.0009521564217134,1.0015178633846888,1.0024714650497712,4.0
1160,1.0008637038622468,1.001492960938828,1.0023579542772039,4.0
1161,1.000701031658486,1.0014183235466536,1.0021203494948479,4.0
1162,1.000438715284706,1.0012741145617805,1.0017133888200191,4.0
1163,1.0000352766515075,1.0010298997392204,1.001065212722142,4.0
1164,0.9996512458663155,1.000762274139544,1.0004132541596025,5.0
1165,0.9991576890485968,1.0004047625741261,0.9995621106867741,6.0
1166,0.9991327184066634,1.0002646048883572,0.9993970938080713,6.0
1167,0.9991116486464635,1.0001320504265478,0.999243581765836,6.0
1168,0.9989476334672178,0.9999270980433312,0.9988748082301284,1.0
1169,0.998756045460821,0.9996997201577623,0.9984561391530561,1.0
1170,0.9984971589935651,0.9994263180703191,0.9979243392166127,1.0
1171,0.9985049228229576,0.9992833995274093,0.9977893937233785,1.0
1172,0.9981894741361909,0.9989740876450378,0.9971654192220814,1.0
1173,0.9975926693623537,0.9984923426704686,0.9960886414625028,1.0
1174,0.9973382990120147,0.9981540939894264,0.9954973062512932,1.0
1175,0.997379794830054,0.997966532035224,0.9953516549685523,1.0
1176,0.9975166757047194,0.9978471853054718,0.9953692071472253,1.0
1177,0.9977691001989072,0.9978144329471458,0.9955884089271564,1.0
1178,0.998147828817858,0.9978829072566081,0.9960346572926354,1.0
1179,0.9983357870371704,0.9978891753709631,0.9962284752698435,1.0
1180,0.9983476889380524,0.9978219182092226,0.9961732060159117,1.0
1181,0.9984391097878274,0.9978034600445186,0.9962459983900632,1.0
1182,0.9986764849598976,0.9978766651025867,0.9965559603281561,1.0
1183,0.9988338470622196,0.9979305860285278,0.9967668463439296,1.0
1184,0.9988652364945603,0.9979316583347333,0.9967992419079321,1.0
1185,0.9981927372967396,0.9975530993749228,0.9957502588639007,1.0
1186,0.9978309577402033,0.9972854322497686,0.9951222780021393,1.0
1187,0.9978133756535376,0.9971775763664681,0.9949971236002387,1.0
1188,0.9980195365320734,0.997195875304383,0.9952209653029757,1.0
1189,0.9982530869970923,0.9972528993891421,0.9955107853320116,1.0
1190,0.9984456000730698,0.997312378577646,0.9957621562892583,1.0
1191,0.9986183503472779,0.9973807913135383,0.9960027604895882,1.0
1192,0.9988670763889174,0.99750737139538,0.9963772717420973,1.0
1193,0.999000230086213,0.9975934503952709,0.9965960864773746,1.0
1194,0.9988489790704717,0.9975354792122687,0.9963872949977484,1.0
1195,0.9988423436093556,0.997541505855435,0.9963866955562485,1.0
1196,0.9989083409528954,0.9975859399008973,0.9964969161843402,1.0
1197,0.9989417995923996,0.9976179489409472,0.9965622692207484,1.0
1198,0.9990058468207839,0.9976687432213801,0.9966769076685021,1.0
1199,0.9990623204111697,0.9977200966111127,0.9967845548411548,1.0
1200,0.9992197539835471,0.9978302112930822,0.9970516582456245,1.0
1201,0.9990117848643931,0.9977535922382693,0.9967675970368133,1.0
1202,0.9989216443309881,0.9977206526578445,0.9966447549359606,1.0
1203,0.9989552266620823,0.9977462110506052,0.9967037924112911,1.0
1204,0.9988034252810336,0.9976732836147486,0.996479492985787,1.0
1205,0.998811257517428,0.9976733697927161,0.9964873930743128,1.0
1206,0.9989285574761855,0.997734040378764,0.9966650257004449,1.0
1207,0.9989696433622395,0.9977637159969445,0.9967356635292505,1.0
1208,0.999078693332348,0.9978336086140316,0.9969142978572083,1.0
1209,0.9991776154989178,0.997906964576529,0.9970863013553393,1.0
1210,0.9992265438488621,0.997960620141024,0.9971887413607825,1.0
1211,0.9995634813349747,0.9981739715715736,0.9977382500020402,1.0
1212,0.9997656373146324,0.9983417930116896,0.9981078189481647,1.0
1213,0.9998565866916053,0.9984633331088131,0.9983201401789011,1.0
1214,0.999680207052524,0.9984427566523815,0.9981234617003456,1.0
1215,1.0009808881615951,0.9992080193941694,1.000188130711364,3.0
1216,1.0014696625572344,0.9996419801693703,1.001111116558265,3.0
1217,1.0017659691141343,1.000003994129191,1.0017699702968341,4.0
1218,1.00165463972424,1.0001573446497702,1.0018122447227182,4.0
1219,1.0013204277061534,1.0001660987749077,1.0014867458024854,4.0
1220,1.0012040760367173,1.000252738036015,1.0014571183885452,4.0
1221,1.0013206180967111,1.000447195785172,1.0017684044567297,4.0
1222,1.0010040799258972,1.0004074852972245,1.0014119743709287,4.0
1223,1.0006667079283433,1.0003204159276438,1.0009873374798264,4.0
1224,0.9995311947762288,0.9997624191635769,0.9992937253189428,1.0
1225,0.9991125435254172,0.9994918289163908,0.9986048234215263,1.0
1226,0.9986998252881538,0.9991902817770079,0.997891159840319,1.0
1227,0.9987331967602293,0.9991000952341141,0.9978344319966164,1.0
1228,0.9990182860224568,0.9991565380792832,0.9981756521400971,1.0
1229,0.9989566255819606,0.9990551346941391,0.9980127461243883,1.0
1230,0.9991032750971429,0.9990659114608342,0.9981700241784317,1.0
1231,0.9995507090324052,0.999257753651834,0.9988087961688191,1.0
1232,0.9998155362257009,0.999392675205264,0.9992083234603887,1.0
1233,0.999975132047283,0.9994941508201761,0.9994692954468926,1.0
1234,1.000152545924242,0.9996185602033971,0.9997710479405527,2.0
1235,1.000337496563117,0.9997610749190828,1.0000984908458062,3.0
1236,1.0004689676234335,0.9998882196760325,1.0003571348781133,3.0
1237,1.0005468739686274,0.9999943837699341,1.0005412546671915,3.0
1238,1.0004919563928163,1.000031075585572,1.0005230472662212,4.0
1239,1.0004951473296146,1.0000905938379192,1.0005857860248308,4.0
1240,1.0005246791128803,1.0001612673292324,1.000686031055712,4.0
1241,1.0005043474524524,1.0002040259202118,1.0007084762726173,4.0
1242,1.0006920325188098,1.0003552620189684,1.001047540390648,4.0
1243,1.000829456640061,1.0004926833062657,1.0013225486057666,4.0
1244,1.0009556225114409,1.0006323146171985,1.001588541382722,4.0
1245,1.0010037028936454,1.000736162208764,1.0017406039905485,4.0
1246,1.0010639956793466,1.0008462163932186,1.0019111124431512,4.0
1247,1.000983685445464,1.0008801357049435,1.0018646869270904,4.0
1248,1.000943035998912,1.0009239001759578,1.001867807445995,4.0
1249,1.000743082817167,1.0008731037208611,1.0016168353264008,4.0
1250,1.0006802429010955,1.0008759757857688,1.001556814563174,4.0
1251,1.0002708093460597,1.0006819122499089,1.000952906264179,4.0
1252,0.9999020921296082,1.0004722598908589,1.000374305782507,5.0
1253,0.9998259688387185,1.0003902448794009,1.0002161458033498,5.0
1254,0.9997514127639532,1.000304838006972,1.0000561749920875,5.0
1255,0.9998141369970333,1.0002904381733198,1.000104521188642,5.0
1256,0.9997814924877195,1.000232504987785,1.000013946671418,5.0
1257,0.9998453520833774,1.0002267558061322,1.0000720728221968,5.0
1258,0.9998260944603552,1.0001837659458452,1.0000098284482843,5.0
1259,0.9998979754863587,1.0001907524404272,1.000088708465361,5.0
