code,code,volunit,decimal_point,name,pre_close,sse,sec
000001,000001,100.0,2.0,上证指数,2822.4423828125,sh,index_cn
000002,000002,100.0,2.0,Ａ股指数,2958.1525878906,sh,index_cn
000003,000003,100.0,2.0,Ｂ股指数,210.9898071289,sh,index_cn
000004,000004,100.0,2.0,工业指数,2291.3681640625,sh,index_cn
000005,000005,100.0,2.0,商业指数,2728.3303222656,sh,index_cn
000006,000006,100.0,2.0,地产指数,6482.7084960938,sh,index_cn
000007,000007,100.0,2.0,公用指数,4206.5415039062,sh,index_cn
000008,000008,100.0,2.0,综合指数,2653.0930175781,sh,index_cn
000009,000009,100.0,2.0,上证380,4681.0087890625,sh,index_cn
000010,000010,100.0,2.0,上证180,8242.6240234375,sh,index_cn
000011,000011,100.0,2.0,基金指数,6164.0473632812,sh,index_cn
000012,000012,100.0,2.0,国债指数,182.7626037598,sh,index_cn
000013,000013,100.0,2.0,企债指数,244.2590942383,sh,index_cn
000015,000015,100.0,2.0,红利指数,2414.5524902344,sh,index_cn
000016,000016,100.0,2.0,上证50,2844.8142089844,sh,index_cn
000017,000017,100.0,2.0,新综指,2385.2490234375,sh,index_cn
000018,000018,100.0,2.0,180金融,5052.1455078125,sh,index_cn
000019,000019,100.0,2.0,治理指数,950.007019043,sh,index_cn
000020,000020,100.0,2.0,中型综指,1063.5268554688,sh,index_cn
000021,000021,100.0,2.0,180治理,880.6262207031,sh,index_cn
000022,000022,100.0,2.0,沪公司债,207.7687988281,sh,index_cn
000025,000025,100.0,2.0,180基建,1514.6472167969,sh,index_cn
000026,000026,100.0,2.0,180资源,1913.9505615234,sh,index_cn
000027,000027,100.0,2.0,180运输,866.7457885742,sh,index_cn
000028,000028,100.0,2.0,180成长,3834.5207519531,sh,index_cn
000029,000029,100.0,2.0,180价值,3701.0930175781,sh,index_cn
000030,000030,100.0,2.0,180R成长,2308.7846679688,sh,index_cn
000031,000031,100.0,2.0,180R价值,2672.712890625,sh,index_cn
000032,000032,100.0,2.0,上证能源,1008.6871948242,sh,index_cn
000033,000033,100.0,2.0,上证材料,1774.5788574219,sh,index_cn
000034,000034,100.0,2.0,上证工业,1946.7795410156,sh,index_cn
000035,000035,100.0,2.0,上证可选,2117.1665039062,sh,index_cn
000036,000036,100.0,2.0,上证消费,11750.3701171875,sh,index_cn
000037,000037,100.0,2.0,上证医药,7344.5517578125,sh,index_cn
000038,000038,100.0,2.0,上证金融,5009.8295898438,sh,index_cn
000039,000039,100.0,2.0,上证信息,4330.0405273438,sh,index_cn
000040,000040,100.0,2.0,上证电信,3099.4763183594,sh,index_cn
000041,000041,100.0,2.0,上证公用,1713.4836425781,sh,index_cn
000042,000042,100.0,2.0,上证央企,1404.7961425781,sh,index_cn
000043,000043,100.0,2.0,超大盘,2322.8054199219,sh,index_cn
000044,000044,100.0,2.0,上证中盘,3173.5966796875,sh,index_cn
000045,000045,100.0,2.0,上证小盘,3738.4291992188,sh,index_cn
000046,000046,100.0,2.0,上证中小,3455.1215820312,sh,index_cn
000047,000047,100.0,2.0,上证全指,3107.5817871094,sh,index_cn
000048,000048,100.0,2.0,责任指数,1341.8580322266,sh,index_cn
000049,000049,100.0,2.0,上证民企,1918.9632568359,sh,index_cn
000050,000050,100.0,2.0,50等权,2270.5852050781,sh,index_cn
000051,000051,100.0,2.0,180等权,7690.95703125,sh,index_cn
000052,000052,100.0,2.0,50基本,2769.1455078125,sh,index_cn
000053,000053,100.0,2.0,180基本,9862.9375,sh,index_cn
000054,000054,100.0,2.0,上证海外,1236.4659423828,sh,index_cn
000055,000055,100.0,2.0,上证地企,1166.9241943359,sh,index_cn
000056,000056,100.0,2.0,上证国企,996.1655883789,sh,index_cn
000057,000057,100.0,2.0,全指成长,4108.51953125,sh,index_cn
000058,000058,100.0,2.0,全指价值,3663.0554199219,sh,index_cn
000059,000059,100.0,2.0,全R成长,2978.1809082031,sh,index_cn
000060,000060,100.0,2.0,全R价值,3207.0915527344,sh,index_cn
000061,000061,100.0,2.0,沪企债30,162.2707061768,sh,index_cn
000062,000062,100.0,2.0,上证沪企,1882.9465332031,sh,index_cn
000063,000063,100.0,2.0,上证周期,3106.5537109375,sh,index_cn
000064,000064,100.0,2.0,非周期,3007.5197753906,sh,index_cn
000065,000065,100.0,2.0,上证龙头,3086.6381835938,sh,index_cn
000066,000066,100.0,2.0,上证商品,1408.7841796875,sh,index_cn
000067,000067,100.0,2.0,上证新兴,6979.5825195312,sh,index_cn
000068,000068,100.0,2.0,上证资源,1446.0528564453,sh,index_cn
000069,000069,100.0,2.0,消费80,5049.4677734375,sh,index_cn
000070,000070,100.0,2.0,能源等权,1450.6655273438,sh,index_cn
000071,000071,100.0,2.0,材料等权,2422.8952636719,sh,index_cn
000072,000072,100.0,2.0,工业等权,2460.5207519531,sh,index_cn
000073,000073,100.0,2.0,可选等权,2069.51171875,sh,index_cn
000074,000074,100.0,2.0,消费等权,7901.9995117188,sh,index_cn
000075,000075,100.0,2.0,医药等权,9113.8212890625,sh,index_cn
000076,000076,100.0,2.0,金融等权,4570.3315429688,sh,index_cn
000077,000077,100.0,2.0,信息等权,4924.9545898438,sh,index_cn
000078,000078,100.0,2.0,电信等权,2604.8254394531,sh,index_cn
000079,000079,100.0,2.0,公用等权,1757.1788330078,sh,index_cn
000090,000090,100.0,2.0,上证流通,1078.7421875,sh,index_cn
000091,000091,100.0,2.0,沪财中小,7909.1845703125,sh,index_cn
000092,000092,100.0,2.0,资源50,1986.4703369141,sh,index_cn
000093,000093,100.0,2.0,180分层,9219.134765625,sh,index_cn
000094,000094,100.0,2.0,上证上游,1587.6235351562,sh,index_cn
000095,000095,100.0,2.0,上证中游,2554.2126464844,sh,index_cn
000096,000096,100.0,2.0,上证下游,4396.5190429688,sh,index_cn
000097,000097,100.0,2.0,高端装备,6424.5815429688,sh,index_cn
000098,000098,100.0,2.0,上证F200,3974.0112304688,sh,index_cn
000099,000099,100.0,2.0,上证F300,5840.185546875,sh,index_cn
000100,000100,100.0,2.0,上证F500,4396.3071289062,sh,index_cn
000101,000101,100.0,2.0,5年信用,206.3365936279,sh,index_cn
000102,000102,100.0,2.0,沪投资品,3658.974609375,sh,index_cn
000103,000103,100.0,2.0,沪消费品,8888.783203125,sh,index_cn
000104,000104,100.0,2.0,380能源,806.7092895508,sh,index_cn
000105,000105,100.0,2.0,380材料,3308.4362792969,sh,index_cn
000106,000106,100.0,2.0,380工业,4351.0014648438,sh,index_cn
000107,000107,100.0,2.0,380可选,3813.716796875,sh,index_cn
000108,000108,100.0,2.0,380消费,11145.703125,sh,index_cn
000109,000109,100.0,2.0,380医药,12490.8427734375,sh,index_cn
000110,000110,100.0,2.0,380金融,3080.1257324219,sh,index_cn
000111,000111,100.0,2.0,380信息,7211.2548828125,sh,index_cn
000112,000112,100.0,2.0,380电信,5717.240234375,sh,index_cn
000113,000113,100.0,2.0,380公用,1883.3572998047,sh,index_cn
000114,000114,100.0,2.0,持续产业,998.7700805664,sh,index_cn
000115,000115,100.0,2.0,380等权,5994.3891601562,sh,index_cn
000116,000116,100.0,2.0,信用100,191.7633056641,sh,index_cn
000117,000117,100.0,2.0,380成长,5019.1328125,sh,index_cn
000118,000118,100.0,2.0,380价值,6351.041015625,sh,index_cn
000119,000119,100.0,2.0,380R成长,4056.0703125,sh,index_cn
000120,000120,100.0,2.0,380R价值,5422.9526367188,sh,index_cn
000121,000121,100.0,2.0,医药主题,10734.4052734375,sh,index_cn
000122,000122,100.0,2.0,农业主题,1459.3017578125,sh,index_cn
000123,000123,100.0,2.0,180动态,6296.9306640625,sh,index_cn
000125,000125,100.0,2.0,180稳定,10050.4296875,sh,index_cn
000126,000126,100.0,2.0,消费50,7464.3930664062,sh,index_cn
000128,000128,100.0,2.0,380基本,5517.9702148438,sh,index_cn
000129,000129,100.0,2.0,180波动,11289.990234375,sh,index_cn
000130,000130,100.0,2.0,380波动,8185.9213867188,sh,index_cn
000131,000131,100.0,2.0,上证高新,2188.9619140625,sh,index_cn
000132,000132,100.0,2.0,上证100,5469.8588867188,sh,index_cn
000133,000133,100.0,2.0,上证150,4073.7241210938,sh,index_cn
000134,000134,100.0,2.0,上证银行,785.5642700195,sh,index_cn
000135,000135,100.0,2.0,180高贝,5803.583984375,sh,index_cn
000136,000136,100.0,2.0,180低贝,9110.873046875,sh,index_cn
000137,000137,100.0,2.0,380高贝,4029.580078125,sh,index_cn
000138,000138,100.0,2.0,380低贝,5160.083984375,sh,index_cn
000139,000139,100.0,2.0,上证转债,317.7315063477,sh,index_cn
000141,000141,100.0,2.0,380动态,3128.7741699219,sh,index_cn
000142,000142,100.0,2.0,380稳定,6397.4091796875,sh,index_cn
000145,000145,100.0,2.0,优势资源,2624.87890625,sh,index_cn
000146,000146,100.0,2.0,优势制造,5531.0625,sh,index_cn
000147,000147,100.0,2.0,优势消费,7426.3081054688,sh,index_cn
000148,000148,100.0,2.0,消费领先,8680.9140625,sh,index_cn
000149,000149,100.0,2.0,180红利,3068.5986328125,sh,index_cn
000150,000150,100.0,2.0,380红利,7318.2607421875,sh,index_cn
000151,000151,100.0,2.0,上国红利,1065.853515625,sh,index_cn
000152,000152,100.0,2.0,上央红利,1705.6593017578,sh,index_cn
000153,000153,100.0,2.0,上民红利,2040.7572021484,sh,index_cn
000155,000155,100.0,2.0,市值百强,2795.5986328125,sh,index_cn
000158,000158,100.0,2.0,上证环保,1170.7265625,sh,index_cn
000159,000159,100.0,2.0,沪股通,2909.5583496094,sh,index_cn
000160,000160,100.0,2.0,沪新丝路,1256.5476074219,sh,index_cn
000161,000161,100.0,2.0,沪中国造,1584.3228759766,sh,index_cn
000162,000162,100.0,2.0,沪互联+,2655.8850097656,sh,index_cn
000170,000170,100.0,2.0,50AH优选,5372.59375,sh,index_cn
000171,000171,100.0,2.0,新兴成指,1438.0815429688,sh,index_cn
000300,000300,100.0,2.0,沪深300,3867.0319824219,sh,index_cn
000802,000802,100.0,2.0,500沪市,5270.3559570312,sh,index_cn
000805,000805,100.0,2.0,A股资源,2955.3518066406,sh,index_cn
000808,000808,100.0,2.0,医药生物,11838.072265625,sh,index_cn
000814,000814,100.0,2.0,细分医药,11428.4853515625,sh,index_cn
000819,000819,100.0,2.0,有色金属,3247.73828125,sh,index_cn
000823,000823,100.0,2.0,800有色,3247.154296875,sh,index_cn
000827,000827,100.0,2.0,中证环保,1207.7237548828,sh,index_cn
000828,000828,100.0,2.0,300高贝,2671.009765625,sh,index_cn
000841,000841,100.0,2.0,800医药,11233.09765625,sh,index_cn
000842,000842,100.0,2.0,800等权,5072.8916015625,sh,index_cn
000847,000847,100.0,2.0,腾讯济安,2091.7692871094,sh,index_cn
000849,000849,100.0,2.0,300非银,9708.0029296875,sh,index_cn
000851,000851,100.0,2.0,百发100,15988.279296875,sh,index_cn
000852,000852,100.0,2.0,中证1000,5547.6279296875,sh,index_cn
000853,000853,100.0,2.0,CSSW丝路,1551.2349853516,sh,index_cn
000854,000854,100.0,2.0,500原料,3421.4033203125,sh,index_cn
000855,000855,100.0,2.0,央视500,1261.2762451172,sh,index_cn
000856,000856,100.0,2.0,500工业,4112.6557617188,sh,index_cn
000857,000857,100.0,2.0,500医药,13180.8671875,sh,index_cn
000858,000858,100.0,2.0,500信息,7922.5629882812,sh,index_cn
000860,000860,100.0,2.0,结构调整,884.5861816406,sh,index_cn
000863,000863,100.0,2.0,CS精准医,3806.4506835938,sh,index_cn
000865,000865,100.0,2.0,上海国企,1318.8072509766,sh,index_cn
000867,000867,100.0,2.0,港中小企,5.877471754e-39,sh,index_cn
000869,000869,100.0,2.0,HK银行,5.877471754e-39,sh,index_cn
000891,000891,100.0,2.0,新兴综指,1240.4586181641,sh,index_cn
000901,000901,100.0,2.0,小康指数,4569.9755859375,sh,index_cn
000903,000903,100.0,2.0,中证100,3988.4145507812,sh,index_cn
000904,000904,100.0,2.0,中证200,4050.3295898438,sh,index_cn
000905,000905,100.0,2.0,中证500,5226.8115234375,sh,index_cn
000906,000906,100.0,2.0,中证800,4087.9143066406,sh,index_cn
000913,000913,100.0,2.0,300医药,12029.7294921875,sh,index_cn
000914,000914,100.0,2.0,300金融,6075.2041015625,sh,index_cn
000918,000918,100.0,2.0,300成长,4978.3374023438,sh,index_cn
000928,000928,100.0,2.0,中证能源,1414.7469482422,sh,index_cn
000932,000932,100.0,2.0,中证消费,17530.51953125,sh,index_cn
000933,000933,100.0,2.0,中证医药,11488.5751953125,sh,index_cn
000934,000934,100.0,2.0,中证金融,5786.50390625,sh,index_cn
000935,000935,100.0,2.0,中证信息,4882.9575195312,sh,index_cn
000944,000944,100.0,2.0,内地资源,1890.9545898438,sh,index_cn
000958,000958,100.0,2.0,创业成长,1232.0487060547,sh,index_cn
000966,000966,100.0,2.0,基本400,5675.3940429688,sh,index_cn
000971,000971,100.0,2.0,等权90,2780.3754882812,sh,index_cn
000974,000974,100.0,2.0,800金融,5943.8994140625,sh,index_cn
000982,000982,100.0,2.0,500等权,6025.16796875,sh,index_cn
000984,000984,100.0,2.0,300等权,3802.1721191406,sh,index_cn
000986,000986,100.0,2.0,全指能源,1267.6931152344,sh,index_cn
000987,000987,100.0,2.0,全指材料,2552.7661132812,sh,index_cn
000989,000989,100.0,2.0,全指可选,4157.9609375,sh,index_cn
000990,000990,100.0,2.0,全指消费,15414.0029296875,sh,index_cn
000991,000991,100.0,2.0,全指医药,11530.69140625,sh,index_cn
000992,000992,100.0,2.0,全指金融,5501.7788085938,sh,index_cn
000993,000993,100.0,2.0,全指信息,6041.6352539062,sh,index_cn
000998,000998,100.0,2.0,中证TMT,2078.6772460938,sh,index_cn
395001,395001,100.0,2.0,主板Ａ股,457.0,sz,index_cn
395002,395002,100.0,2.0,主板Ｂ股,256.0,sz,index_cn
395003,395003,100.0,2.0,中小板,953.0,sz,index_cn
395004,395004,100.0,2.0,创业板,804.0,sz,index_cn
395005,395005,100.0,2.0,存托凭证,5.877471754e-39,sz,index_cn
395011,395011,100.0,2.0,封闭基金,32768.5,sz,index_cn
395012,395012,100.0,2.0,ＬＯＦｓ,248.0,sz,index_cn
395013,395013,100.0,2.0,ＥＴＦｓ,95.0,sz,index_cn
395014,395014,100.0,2.0,分级基金,206.0,sz,index_cn
395021,395021,100.0,2.0,可 转 债,132.0,sz,index_cn
395022,395022,100.0,2.0,企业债,25.0,sz,index_cn
395024,395024,100.0,2.0,公司债,684.0,sz,index_cn
395031,395031,100.0,2.0,国债,4542.0,sz,index_cn
395032,395032,100.0,2.0,债券回购,264.0,sz,index_cn
395041,395041,100.0,2.0,股票权证,5.877471754e-39,sz,index_cn
395099,395099,100.0,2.0,总 成 交,2260.0,sz,index_cn
399001,399001,100.0,2.0,深证成指,10514.1728515625,sz,index_cn
399002,399002,100.0,2.0,深成指R,12904.5263671875,sz,index_cn
399003,399003,100.0,2.0,成份Ｂ指,4780.5639648438,sz,index_cn
399004,399004,100.0,2.0,深证100R,5991.3666992188,sz,index_cn
399005,399005,100.0,2.0,中小板指,6926.0991210938,sz,index_cn
399006,399006,100.0,2.0,创业板指,2030.4769287109,sz,index_cn
399007,399007,100.0,2.0,深证300,4509.5375976562,sz,index_cn
399008,399008,100.0,2.0,中小300,1309.5394287109,sz,index_cn
399009,399009,100.0,2.0,深证200,4105.2060546875,sz,index_cn
399010,399010,100.0,2.0,深证700,5915.40234375,sz,index_cn
399011,399011,100.0,2.0,深证1000,4937.0483398438,sz,index_cn
399012,399012,100.0,2.0,创业300,2827.21484375,sz,index_cn
399013,399013,100.0,2.0,深市精选,4646.1450195312,sz,index_cn
399015,399015,100.0,2.0,中小创新,1925.3341064453,sz,index_cn
399016,399016,100.0,2.0,深证创新,3232.5717773438,sz,index_cn
399017,399017,100.0,2.0,SME创新,2939.3271484375,sz,index_cn
399018,399018,100.0,2.0,创业创新,3664.6318359375,sz,index_cn
399050,399050,100.0,2.0,创新引擎,2471.0026855469,sz,index_cn
399088,399088,100.0,2.0,深创100,3112.3483886719,sz,index_cn
399100,399100,100.0,2.0,新 指 数,7893.1796875,sz,index_cn
399101,399101,100.0,2.0,中小板综,9807.4130859375,sz,index_cn
399102,399102,100.0,2.0,创业板综,2253.6650390625,sz,index_cn
399103,399103,100.0,2.0,乐富指数,6276.6323242188,sz,index_cn
399106,399106,100.0,2.0,深证综指,1730.7421875,sz,index_cn
399107,399107,100.0,2.0,深证Ａ指,1811.0322265625,sz,index_cn
399108,399108,100.0,2.0,深证Ｂ指,823.7258911133,sz,index_cn
399231,399231,100.0,2.0,农林指数,1661.6590576172,sz,index_cn
399232,399232,100.0,2.0,采矿指数,1658.2878417969,sz,index_cn
399233,399233,100.0,2.0,制造指数,2006.6729736328,sz,index_cn
399234,399234,100.0,2.0,水电指数,607.2551269531,sz,index_cn
399235,399235,100.0,2.0,建筑指数,1017.8629150391,sz,index_cn
399236,399236,100.0,2.0,批零指数,1348.4248046875,sz,index_cn
399237,399237,100.0,2.0,运输指数,1059.6196289062,sz,index_cn
399238,399238,100.0,2.0,餐饮指数,1017.3198852539,sz,index_cn
399239,399239,100.0,2.0,IT指数,1864.8813476562,sz,index_cn
399240,399240,100.0,2.0,金融指数,1038.5185546875,sz,index_cn
399241,399241,100.0,2.0,地产指数,2342.9504394531,sz,index_cn
399242,399242,100.0,2.0,商务指数,998.8756103516,sz,index_cn
399243,399243,100.0,2.0,科研指数,1940.8143310547,sz,index_cn
399244,399244,100.0,2.0,公共指数,756.6380004883,sz,index_cn
399248,399248,100.0,2.0,文化指数,909.1530151367,sz,index_cn
399249,399249,100.0,2.0,综企指数,718.8547973633,sz,index_cn
399282,399282,100.0,2.0,大数据50,4595.244140625,sz,index_cn
399283,399283,100.0,2.0,机器人50,2291.8854980469,sz,index_cn
399284,399284,100.0,2.0,AI 50,3094.5834960938,sz,index_cn
399285,399285,100.0,2.0,物联网50,3238.8159179688,sz,index_cn
399286,399286,100.0,2.0,区块链50,3189.3369140625,sz,index_cn
399290,399290,100.0,2.0,深转交债,133.2991943359,sz,index_cn
399291,399291,100.0,2.0,创精选88,3188.4226074219,sz,index_cn
399292,399292,100.0,2.0,民企发展,1112.7227783203,sz,index_cn
399293,399293,100.0,2.0,创业大盘,3786.2390136719,sz,index_cn
399294,399294,100.0,2.0,中小创Q,2808.5378417969,sz,index_cn
399295,399295,100.0,2.0,创业蓝筹,4602.5883789062,sz,index_cn
399296,399296,100.0,2.0,创成长,3950.7434082031,sz,index_cn
399297,399297,100.0,2.0,新浪100,3012.4768066406,sz,index_cn
399298,399298,100.0,2.0,深信中高,175.083404541,sz,index_cn
399299,399299,100.0,2.0,深信中低,192.0986022949,sz,index_cn
399300,399300,100.0,2.0,沪深300,3867.0319824219,sz,index_cn
399301,399301,100.0,2.0,深信用债,178.0605010986,sz,index_cn
399302,399302,100.0,2.0,深公司债,182.2467041016,sz,index_cn
399303,399303,100.0,2.0,国证2000,6084.1923828125,sz,index_cn
399306,399306,100.0,2.0,深证ETF,1262.7071533203,sz,index_cn
399307,399307,100.0,2.0,深证转债,242.591003418,sz,index_cn
399310,399310,100.0,2.0,国证A50,6100.802734375,sz,index_cn
399311,399311,100.0,2.0,国证1000,3856.349609375,sz,index_cn
399312,399312,100.0,2.0,国证300,4390.1000976562,sz,index_cn
399313,399313,100.0,2.0,巨潮100,4585.7275390625,sz,index_cn
399314,399314,100.0,2.0,巨潮大盘,4086.6765136719,sz,index_cn
399315,399315,100.0,2.0,巨潮中盘,3846.4309082031,sz,index_cn
399316,399316,100.0,2.0,巨潮小盘,4035.146484375,sz,index_cn
399317,399317,100.0,2.0,国证Ａ指,4435.072265625,sz,index_cn
399318,399318,100.0,2.0,国证Ｂ指,3219.0632324219,sz,index_cn
399319,399319,100.0,2.0,资源优势,1289.1993408203,sz,index_cn
399320,399320,100.0,2.0,国证服务,1806.875,sz,index_cn
399321,399321,100.0,2.0,国证红利,6308.5874023438,sz,index_cn
399322,399322,100.0,2.0,国证治理,8304.697265625,sz,index_cn
399324,399324,100.0,2.0,深证红利,9269.689453125,sz,index_cn
399326,399326,100.0,2.0,成长40,5707.1958007812,sz,index_cn
399328,399328,100.0,2.0,深证治理,10019.8203125,sz,index_cn
399330,399330,100.0,2.0,深证100,4666.4077148438,sz,index_cn
399333,399333,100.0,2.0,中小板R,7802.0537109375,sz,index_cn
399335,399335,100.0,2.0,深证央企,3788.8916015625,sz,index_cn
399337,399337,100.0,2.0,深证民营,4640.6845703125,sz,index_cn
399339,399339,100.0,2.0,深证科技,6323.46484375,sz,index_cn
399341,399341,100.0,2.0,深证责任,1784.6784667969,sz,index_cn
399344,399344,100.0,2.0,深证300R,5419.7963867188,sz,index_cn
399346,399346,100.0,2.0,深证成长,3809.1708984375,sz,index_cn
399348,399348,100.0,2.0,深证价值,5907.1904296875,sz,index_cn
399350,399350,100.0,2.0,皖江30,1683.1771240234,sz,index_cn
399351,399351,100.0,2.0,创新示范,8509.6572265625,sz,index_cn
399352,399352,100.0,2.0,深企综指,7776.9086914062,sz,index_cn
399353,399353,100.0,2.0,国证物流,2160.7321777344,sz,index_cn
399354,399354,100.0,2.0,分析师指,6740.607421875,sz,index_cn
399355,399355,100.0,2.0,长三角,3303.2836914062,sz,index_cn
399356,399356,100.0,2.0,珠三角,9935.306640625,sz,index_cn
399357,399357,100.0,2.0,环渤海,2679.7888183594,sz,index_cn
399358,399358,100.0,2.0,国证环保,2925.8254394531,sz,index_cn
399359,399359,100.0,2.0,国证基建,2289.5844726562,sz,index_cn
399360,399360,100.0,2.0,新硬件,3763.2687988281,sz,index_cn
399361,399361,100.0,2.0,在线消费,4658.9609375,sz,index_cn
399362,399362,100.0,2.0,民企100,6484.3129882812,sz,index_cn
399363,399363,100.0,2.0,云科技,4649.32421875,sz,index_cn
399364,399364,100.0,2.0,消费100,8919.873046875,sz,index_cn
399365,399365,100.0,2.0,国证农业,12621.5322265625,sz,index_cn
399366,399366,100.0,2.0,国证大宗,1707.9404296875,sz,index_cn
399367,399367,100.0,2.0,1000地产,5337.1181640625,sz,index_cn
399368,399368,100.0,2.0,国证军工,5694.9926757812,sz,index_cn
399369,399369,100.0,2.0,国证责任,1478.1135253906,sz,index_cn
399370,399370,100.0,2.0,国证成长,4092.8344726562,sz,index_cn
399371,399371,100.0,2.0,国证价值,5593.9619140625,sz,index_cn
399372,399372,100.0,2.0,大盘成长,4200.9067382812,sz,index_cn
399373,399373,100.0,2.0,大盘价值,6877.9619140625,sz,index_cn
399374,399374,100.0,2.0,中盘成长,4251.02734375,sz,index_cn
399375,399375,100.0,2.0,中盘价值,4576.3056640625,sz,index_cn
399376,399376,100.0,2.0,小盘成长,4542.9409179688,sz,index_cn
399377,399377,100.0,2.0,小盘价值,5103.72265625,sz,index_cn
399378,399378,100.0,2.0,国证低碳,2252.7026367188,sz,index_cn
399379,399379,100.0,2.0,国证基金,6726.6518554688,sz,index_cn
399380,399380,100.0,2.0,国证ETF,1342.3717041016,sz,index_cn
399381,399381,100.0,2.0,1000能源,1597.2365722656,sz,index_cn
399382,399382,100.0,2.0,1000材料,1988.2016601562,sz,index_cn
399383,399383,100.0,2.0,1000工业,2093.5024414062,sz,index_cn
399384,399384,100.0,2.0,1000可选,3062.4150390625,sz,index_cn
399385,399385,100.0,2.0,1000消费,11009.0888671875,sz,index_cn
399386,399386,100.0,2.0,1000医药,8065.740234375,sz,index_cn
399387,399387,100.0,2.0,1000金融,4684.0932617188,sz,index_cn
399388,399388,100.0,2.0,1000信息,4253.3037109375,sz,index_cn
399389,399389,100.0,2.0,国证通信,3927.9509277344,sz,index_cn
399390,399390,100.0,2.0,1000公用,1873.1794433594,sz,index_cn
399391,399391,100.0,2.0,投资时钟,2780.1486816406,sz,index_cn
399392,399392,100.0,2.0,国证新兴,2178.2412109375,sz,index_cn
399393,399393,100.0,2.0,国证地产,5716.552734375,sz,index_cn
399394,399394,100.0,2.0,国证医药,12316.7001953125,sz,index_cn
399395,399395,100.0,2.0,国证有色,3139.40234375,sz,index_cn
399396,399396,100.0,2.0,国证食品,19035.583984375,sz,index_cn
399397,399397,100.0,2.0,国证文化,2001.494140625,sz,index_cn
399398,399398,100.0,2.0,绩效指数,9100.716796875,sz,index_cn
399399,399399,100.0,2.0,中经GDP,7060.0703125,sz,index_cn
399400,399400,100.0,2.0,大中盘,3361.41015625,sz,index_cn
399401,399401,100.0,2.0,中小盘,3581.6037597656,sz,index_cn
399402,399402,100.0,2.0,周期100,2806.6293945312,sz,index_cn
399403,399403,100.0,2.0,防御100,8131.7622070312,sz,index_cn
399404,399404,100.0,2.0,大盘低波,4368.0629882812,sz,index_cn
399405,399405,100.0,2.0,大盘高贝,2141.2790527344,sz,index_cn
399406,399406,100.0,2.0,中盘低波,9464.5478515625,sz,index_cn
399407,399407,100.0,2.0,中盘高贝,2510.8959960938,sz,index_cn
399408,399408,100.0,2.0,小盘低波,9612.84765625,sz,index_cn
399409,399409,100.0,2.0,小盘高贝,3714.0510253906,sz,index_cn
399410,399410,100.0,2.0,苏州率先,2059.5163574219,sz,index_cn
399411,399411,100.0,2.0,红利100,2856.8278808594,sz,index_cn
399412,399412,100.0,2.0,国证新能,1743.0743408203,sz,index_cn
399413,399413,100.0,2.0,国证转债,130.8179931641,sz,index_cn
399415,399415,100.0,2.0,I100,5459.0498046875,sz,index_cn
399416,399416,100.0,2.0,I300,3426.6240234375,sz,index_cn
399417,399417,100.0,2.0,新能源车,1796.4775390625,sz,index_cn
399418,399418,100.0,2.0,国证国安,3039.3955078125,sz,index_cn
399419,399419,100.0,2.0,国证高铁,1512.3787841797,sz,index_cn
399420,399420,100.0,2.0,国证保证,1263.1696777344,sz,index_cn
399422,399422,100.0,2.0,中关村A,2898.7172851562,sz,index_cn
399423,399423,100.0,2.0,中关村50,2757.541015625,sz,index_cn
399427,399427,100.0,2.0,专利领先,2342.1064453125,sz,index_cn
399428,399428,100.0,2.0,国证定增,2225.107421875,sz,index_cn
399429,399429,100.0,2.0,新丝路,1061.4171142578,sz,index_cn
399431,399431,100.0,2.0,国证银行,6089.9711914062,sz,index_cn
399432,399432,100.0,2.0,智能汽车,2575.4597167969,sz,index_cn
399433,399433,100.0,2.0,国证交运,1530.2513427734,sz,index_cn
399434,399434,100.0,2.0,国证传媒,1761.2365722656,sz,index_cn
399435,399435,100.0,2.0,国证农牧,5086.0751953125,sz,index_cn
399436,399436,100.0,2.0,国证煤炭,1984.251953125,sz,index_cn
399437,399437,100.0,2.0,证券龙头,5356.0537109375,sz,index_cn
399438,399438,100.0,2.0,国证电力,1627.0909423828,sz,index_cn
399439,399439,100.0,2.0,国证油气,1147.3851318359,sz,index_cn
399440,399440,100.0,2.0,国证钢铁,1050.5771484375,sz,index_cn
399441,399441,100.0,2.0,生物医药,4189.1298828125,sz,index_cn
399481,399481,100.0,2.0,企债指数,128.9306030273,sz,index_cn
399550,399550,100.0,2.0,央视50,6990.6865234375,sz,index_cn
399551,399551,100.0,2.0,央视创新,7399.529296875,sz,index_cn
399552,399552,100.0,2.0,央视成长,7634.6557617188,sz,index_cn
399553,399553,100.0,2.0,央视回报,6142.7104492188,sz,index_cn
399554,399554,100.0,2.0,央视治理,6878.9506835938,sz,index_cn
399555,399555,100.0,2.0,央视责任,4346.7890625,sz,index_cn
399556,399556,100.0,2.0,央视生态,1585.7443847656,sz,index_cn
399557,399557,100.0,2.0,央视文化,1619.3643798828,sz,index_cn
399602,399602,100.0,2.0,中小成长,1172.2410888672,sz,index_cn
399604,399604,100.0,2.0,中小价值,1441.1214599609,sz,index_cn
399606,399606,100.0,2.0,创业板R,2143.1064453125,sz,index_cn
399608,399608,100.0,2.0,科技100,2621.4353027344,sz,index_cn
399610,399610,100.0,2.0,TMT50,5643.5,sz,index_cn
399611,399611,100.0,2.0,中创100R,2211.3698730469,sz,index_cn
399612,399612,100.0,2.0,中创100,2002.9681396484,sz,index_cn
399613,399613,100.0,2.0,深证能源,2160.1264648438,sz,index_cn
399614,399614,100.0,2.0,深证材料,2230.767578125,sz,index_cn
399615,399615,100.0,2.0,深证工业,2447.5756835938,sz,index_cn
399616,399616,100.0,2.0,深证可选,5139.8666992188,sz,index_cn
399617,399617,100.0,2.0,深证消费,12994.138671875,sz,index_cn
399618,399618,100.0,2.0,深证医药,13121.748046875,sz,index_cn
399619,399619,100.0,2.0,深证金融,5199.4208984375,sz,index_cn
399620,399620,100.0,2.0,深证信息,3951.1025390625,sz,index_cn
399621,399621,100.0,2.0,深证电信,3546.8110351562,sz,index_cn
399622,399622,100.0,2.0,深证公用,1414.4953613281,sz,index_cn
399623,399623,100.0,2.0,中小基础,7118.228515625,sz,index_cn
399624,399624,100.0,2.0,中创400,1775.2067871094,sz,index_cn
399625,399625,100.0,2.0,中创500,1733.3420410156,sz,index_cn
399626,399626,100.0,2.0,中创成长,1570.2264404297,sz,index_cn
399627,399627,100.0,2.0,中创价值,1758.2618408203,sz,index_cn
399628,399628,100.0,2.0,700成长,1666.3415527344,sz,index_cn
399629,399629,100.0,2.0,700价值,1992.4431152344,sz,index_cn
399630,399630,100.0,2.0,1000成长,1419.2015380859,sz,index_cn
399631,399631,100.0,2.0,1000价值,1824.9206542969,sz,index_cn
399632,399632,100.0,2.0,深100EW,4590.1704101562,sz,index_cn
399633,399633,100.0,2.0,深300EW,4991.4389648438,sz,index_cn
399634,399634,100.0,2.0,中小板EW,3577.2600097656,sz,index_cn
399635,399635,100.0,2.0,创业板EW,1886.5661621094,sz,index_cn
399636,399636,100.0,2.0,深证装备,3379.1118164062,sz,index_cn
399637,399637,100.0,2.0,深证地产,4000.6223144531,sz,index_cn
399638,399638,100.0,2.0,深证环保,3003.6044921875,sz,index_cn
399639,399639,100.0,2.0,深证大宗,1962.3450927734,sz,index_cn
399640,399640,100.0,2.0,创业基础,1815.7917480469,sz,index_cn
399641,399641,100.0,2.0,深证新兴,1940.4024658203,sz,index_cn
399642,399642,100.0,2.0,中小新兴,1619.9171142578,sz,index_cn
399643,399643,100.0,2.0,创业新兴,2312.0200195312,sz,index_cn
399644,399644,100.0,2.0,深证时钟,3321.1826171875,sz,index_cn
399645,399645,100.0,2.0,100低波,7931.4702148438,sz,index_cn
399646,399646,100.0,2.0,深消费50,7989.2602539062,sz,index_cn
399647,399647,100.0,2.0,深医药50,12777.431640625,sz,index_cn
399648,399648,100.0,2.0,深证GDP,8174.7021484375,sz,index_cn
399649,399649,100.0,2.0,中小红利,2812.3063964844,sz,index_cn
399650,399650,100.0,2.0,中小治理,2379.5336914062,sz,index_cn
399651,399651,100.0,2.0,中小责任,1681.58203125,sz,index_cn
399652,399652,100.0,2.0,中创高新,2857.5720214844,sz,index_cn
399653,399653,100.0,2.0,深证龙头,2382.7836914062,sz,index_cn
399654,399654,100.0,2.0,深证文化,2643.7800292969,sz,index_cn
399655,399655,100.0,2.0,深证绩效,9185.767578125,sz,index_cn
399656,399656,100.0,2.0,100绩效,5999.6782226562,sz,index_cn
399657,399657,100.0,2.0,300绩效,6149.3525390625,sz,index_cn
399658,399658,100.0,2.0,中小绩效,4382.70703125,sz,index_cn
399659,399659,100.0,2.0,深成指EW,3556.4084472656,sz,index_cn
399660,399660,100.0,2.0,中创EW,2401.3337402344,sz,index_cn
399661,399661,100.0,2.0,深证低波,4467.0107421875,sz,index_cn
399662,399662,100.0,2.0,深证高贝,1797.291015625,sz,index_cn
399663,399663,100.0,2.0,中小低波,1317.3295898438,sz,index_cn
399664,399664,100.0,2.0,中小高贝,984.2354736328,sz,index_cn
399665,399665,100.0,2.0,中创低波,1511.9321289062,sz,index_cn
399666,399666,100.0,2.0,中创高贝,1370.9079589844,sz,index_cn
399667,399667,100.0,2.0,创业板G,2946.4973144531,sz,index_cn
399668,399668,100.0,2.0,创业板V,2534.0686035156,sz,index_cn
399669,399669,100.0,2.0,深证农业,10220.263671875,sz,index_cn
399670,399670,100.0,2.0,深周期50,2820.1857910156,sz,index_cn
399671,399671,100.0,2.0,深防御50,8259.4365234375,sz,index_cn
399672,399672,100.0,2.0,深红利50,3724.8249511719,sz,index_cn
399673,399673,100.0,2.0,创业板50,1752.9068603516,sz,index_cn
399674,399674,100.0,2.0,深A医药,2496.8513183594,sz,index_cn
399675,399675,100.0,2.0,深互联网,3214.736328125,sz,index_cn
399676,399676,100.0,2.0,深医药EW,2933.5666503906,sz,index_cn
399677,399677,100.0,2.0,深互联EW,3712.791015625,sz,index_cn
399678,399678,100.0,2.0,深次新股,1033.0072021484,sz,index_cn
399679,399679,100.0,2.0,深证200R,4598.2954101562,sz,index_cn
399680,399680,100.0,2.0,深成能源,487.1607971191,sz,index_cn
399681,399681,100.0,2.0,深成材料,784.0797729492,sz,index_cn
399682,399682,100.0,2.0,深成工业,1033.7806396484,sz,index_cn
399683,399683,100.0,2.0,深成可选,1564.0356445312,sz,index_cn
399684,399684,100.0,2.0,深成消费,2531.3566894531,sz,index_cn
399685,399685,100.0,2.0,深成医药,2589.1667480469,sz,index_cn
399686,399686,100.0,2.0,深成金融,1610.9265136719,sz,index_cn
399687,399687,100.0,2.0,深成信息,2620.439453125,sz,index_cn
399688,399688,100.0,2.0,深成电信,1851.9836425781,sz,index_cn
399689,399689,100.0,2.0,深成公用,749.1654052734,sz,index_cn
399690,399690,100.0,2.0,中小专利,1821.5985107422,sz,index_cn
399691,399691,100.0,2.0,创业专利,2322.7202148438,sz,index_cn
399692,399692,100.0,2.0,创业低波,2539.3681640625,sz,index_cn
399693,399693,100.0,2.0,安防产业,3704.9592285156,sz,index_cn
399694,399694,100.0,2.0,创业高贝,2567.2468261719,sz,index_cn
399695,399695,100.0,2.0,深证节能,1984.5209960938,sz,index_cn
399696,399696,100.0,2.0,深证创投,2298.3784179688,sz,index_cn
399697,399697,100.0,2.0,中关村60,4176.0913085938,sz,index_cn
399698,399698,100.0,2.0,优势成长,17860.505859375,sz,index_cn
399699,399699,100.0,2.0,金融科技,3500.6782226562,sz,index_cn
399701,399701,100.0,2.0,深证F60,7573.9326171875,sz,index_cn
399702,399702,100.0,2.0,深证F120,6793.2250976562,sz,index_cn
399703,399703,100.0,2.0,深证F200,6503.3247070312,sz,index_cn
399704,399704,100.0,2.0,深证上游,3004.2060546875,sz,index_cn
399705,399705,100.0,2.0,深证中游,2404.4829101562,sz,index_cn
399706,399706,100.0,2.0,深证下游,6604.2622070312,sz,index_cn
399707,399707,100.0,2.0,CSSW证券,5687.0590820312,sz,index_cn
399802,399802,100.0,2.0,500深市,4876.861328125,sz,index_cn
399803,399803,100.0,2.0,工业4.0,3031.7800292969,sz,index_cn
399804,399804,100.0,2.0,中证体育,1844.8979492188,sz,index_cn
399805,399805,100.0,2.0,互联金融,2609.6550292969,sz,index_cn
399806,399806,100.0,2.0,环境治理,1366.4610595703,sz,index_cn
399807,399807,100.0,2.0,高铁产业,1316.9814453125,sz,index_cn
399808,399808,100.0,2.0,中证新能,1527.9788818359,sz,index_cn
399809,399809,100.0,2.0,保险主题,2067.5275878906,sz,index_cn
399810,399810,100.0,2.0,CSSW传媒,2865.7478027344,sz,index_cn
399811,399811,100.0,2.0,CSSW电子,3092.8562011719,sz,index_cn
399812,399812,100.0,2.0,养老产业,7746.4321289062,sz,index_cn
399813,399813,100.0,2.0,中证国安,5243.3955078125,sz,index_cn
399814,399814,100.0,2.0,大农业,1425.5632324219,sz,index_cn
399817,399817,100.0,2.0,生态100,996.0853881836,sz,index_cn
399901,399901,100.0,2.0,小康指数,4569.9755859375,sz,index_cn
399903,399903,100.0,2.0,中证100,3988.4145507812,sz,index_cn
399904,399904,100.0,2.0,中证 200,4050.3295898438,sz,index_cn
399905,399905,100.0,2.0,中证 500,5226.8115234375,sz,index_cn
399913,399913,100.0,2.0,300 医药,12029.7294921875,sz,index_cn
399914,399914,100.0,2.0,300 金融,6075.2041015625,sz,index_cn
399918,399918,100.0,2.0,300 成长,4978.3374023438,sz,index_cn
399928,399928,100.0,2.0,中证能源,1414.7469482422,sz,index_cn
399932,399932,100.0,2.0,中证消费,17530.51953125,sz,index_cn
399933,399933,100.0,2.0,中证医药,11488.5751953125,sz,index_cn
399934,399934,100.0,2.0,中证金融,5786.50390625,sz,index_cn
399935,399935,100.0,2.0,中证信息,4882.9575195312,sz,index_cn
399944,399944,100.0,2.0,内地资源,1890.9545898438,sz,index_cn
399958,399958,100.0,2.0,创业成长,1232.0487060547,sz,index_cn
399959,399959,100.0,2.0,军工指数,1065.9405517578,sz,index_cn
399965,399965,100.0,2.0,800地产,6093.5756835938,sz,index_cn
399966,399966,100.0,2.0,800非银,5603.99609375,sz,index_cn
399967,399967,100.0,2.0,中证军工,8095.4833984375,sz,index_cn
399970,399970,100.0,2.0,移动互联,2885.005859375,sz,index_cn
399971,399971,100.0,2.0,中证传媒,1337.1375732422,sz,index_cn
399972,399972,100.0,2.0,300深市,4898.0668945312,sz,index_cn
399973,399973,100.0,2.0,中证国防,1237.111328125,sz,index_cn
399974,399974,100.0,2.0,国企改革,1488.7625732422,sz,index_cn
399975,399975,100.0,2.0,证券公司,700.7711791992,sz,index_cn
399976,399976,100.0,2.0,CS新能车,1978.3123779297,sz,index_cn
399982,399982,100.0,2.0,500等权,6025.16796875,sz,index_cn
399983,399983,100.0,2.0,地产等权,6738.8725585938,sz,index_cn
399986,399986,100.0,2.0,中证银行,6035.5688476562,sz,index_cn
399987,399987,100.0,2.0,中证酒,4531.3466796875,sz,index_cn
399989,399989,100.0,2.0,中证医疗,11424.5947265625,sz,index_cn
399990,399990,100.0,2.0,煤炭等权,1332.9204101562,sz,index_cn
399991,399991,100.0,2.0,一带一路,1386.9072265625,sz,index_cn
399992,399992,100.0,2.0,CSWD并购,1475.2320556641,sz,index_cn
399993,399993,100.0,2.0,CSWD生科,3975.5283203125,sz,index_cn
399994,399994,100.0,2.0,信息安全,1875.8551025391,sz,index_cn
399995,399995,100.0,2.0,基建工程,3524.5822753906,sz,index_cn
399996,399996,100.0,2.0,智能家居,2795.546875,sz,index_cn
399997,399997,100.0,2.0,中证白酒,8074.5600585938,sz,index_cn
399998,399998,100.0,2.0,中证煤炭,1024.4274902344,sz,index_cn
880001,880001,100.0,2.0,总市值,5829.419921875,sh,index_cn
880002,880002,100.0,2.0,流通市值,4730.3500976562,sh,index_cn
880003,880003,100.0,2.0,平均股价,17.0200004578,sh,index_cn
880004,880004,100.0,2.0,成交均价,728.0174999237,sh,index_cn
880005,880005,100.0,2.0,涨跌家数,1912.0,sh,index_cn
880006,880006,100.0,2.0,停板家数,448.0,sh,index_cn
880007,880007,100.0,2.0,活筹市值,2402.1201171875,sh,index_cn
880011,880011,100.0,2.0,Ａ主总值,4012.8500976562,sh,index_cn
880012,880012,100.0,2.0,Ａ主流通,3476.3798828125,sh,index_cn
880013,880013,100.0,2.0,Ａ主平均,1576.0249996185,sh,index_cn
880014,880014,100.0,2.0,Ａ主均价,552.0550003052,sh,index_cn
880015,880015,100.0,2.0,Ａ主涨跌,983.0,sh,index_cn
880016,880016,100.0,2.0,Ａ主停板,96.0,sh,index_cn
880017,880017,100.0,2.0,Ａ主活筹,1606.7099609375,sh,index_cn
880021,880021,100.0,2.0,中小总值,1013.3300170898,sh,index_cn
880022,880022,100.0,2.0,中小流通,780.2600097656,sh,index_cn
880023,880023,100.0,2.0,中小平均,1400.0024995804,sh,index_cn
880024,880024,100.0,2.0,中小均价,504.0124998093,sh,index_cn
880025,880025,100.0,2.0,中小涨跌,477.0,sh,index_cn
880026,880026,100.0,2.0,中小停板,1032.0,sh,index_cn
880027,880027,100.0,2.0,中小活筹,453.7399902344,sh,index_cn
880031,880031,100.0,2.0,创业总值,672.799987793,sh,index_cn
880032,880032,100.0,2.0,创业流通,453.5700073242,sh,index_cn
880033,880033,100.0,2.0,创业平均,22.4099998474,sh,index_cn
880034,880034,100.0,2.0,创业均价,1448.0550003052,sh,index_cn
880035,880035,100.0,2.0,创业涨跌,402.0,sh,index_cn
880036,880036,100.0,2.0,创业停板,520.0,sh,index_cn
880037,880037,100.0,2.0,创业活筹,321.5199890137,sh,index_cn
880201,880201,100.0,2.0,黑龙江,711.1799926758,sh,index_cn
880202,880202,100.0,2.0,新疆板块,660.7299804688,sh,index_cn
880203,880203,100.0,2.0,吉林板块,958.700012207,sh,index_cn
880204,880204,100.0,2.0,甘肃板块,976.0,sh,index_cn
880205,880205,100.0,2.0,辽宁板块,710.7800292969,sh,index_cn
880206,880206,100.0,2.0,青海板块,299.5599975586,sh,index_cn
880207,880207,100.0,2.0,北京板块,1180.9699707031,sh,index_cn
880208,880208,100.0,2.0,陕西板块,922.1099853516,sh,index_cn
880209,880209,100.0,2.0,天津板块,784.7299804688,sh,index_cn
880210,880210,100.0,2.0,广西板块,706.4299926758,sh,index_cn
880211,880211,100.0,2.0,河北板块,746.7700195312,sh,index_cn
880212,880212,100.0,2.0,广东板块,2002.4000244141,sh,index_cn
880213,880213,100.0,2.0,河南板块,1037.4599609375,sh,index_cn
880214,880214,100.0,2.0,宁夏板块,401.0700073242,sh,index_cn
880215,880215,100.0,2.0,山东板块,1193.8299560547,sh,index_cn
880216,880216,100.0,2.0,上海板块,1251.6600341797,sh,index_cn
880217,880217,100.0,2.0,山西板块,586.1400146484,sh,index_cn
880218,880218,100.0,2.0,深圳板块,2142.2900390625,sh,index_cn
880219,880219,100.0,2.0,湖北板块,1223.5100097656,sh,index_cn
880220,880220,100.0,2.0,福建板块,1604.0899658203,sh,index_cn
880221,880221,100.0,2.0,湖南板块,1024.1199951172,sh,index_cn
880222,880222,100.0,2.0,江西板块,939.8400268555,sh,index_cn
880223,880223,100.0,2.0,四川板块,1578.9899902344,sh,index_cn
880224,880224,100.0,2.0,安徽板块,1196.6999511719,sh,index_cn
880225,880225,100.0,2.0,重庆板块,1165.9699707031,sh,index_cn
880226,880226,100.0,2.0,江苏板块,1441.0799560547,sh,index_cn
880227,880227,100.0,2.0,云南板块,923.8699951172,sh,index_cn
880228,880228,100.0,2.0,浙江板块,1529.8399658203,sh,index_cn
880229,880229,100.0,2.0,贵州板块,5816.2700195312,sh,index_cn
880230,880230,100.0,2.0,海南板块,624.049987793,sh,index_cn
880231,880231,100.0,2.0,西藏板块,514.299987793,sh,index_cn
880232,880232,100.0,2.0,内蒙板块,1098.4399414062,sh,index_cn
880301,880301,100.0,2.0,煤炭,478.0199890137,sh,index_cn
880302,880302,100.0,2.0,煤炭开采,486.799987793,sh,index_cn
880303,880303,100.0,2.0,焦炭加工,389.9899902344,sh,index_cn
880305,880305,100.0,2.0,电力,1156.6199951172,sh,index_cn
880306,880306,100.0,2.0,水力发电,1668.7900390625,sh,index_cn
880307,880307,100.0,2.0,火力发电,877.9699707031,sh,index_cn
880308,880308,100.0,2.0,新型电力,585.9899902344,sh,index_cn
880310,880310,100.0,2.0,石油,577.9799804688,sh,index_cn
880311,880311,100.0,2.0,石油开采,459.75,sh,index_cn
880312,880312,100.0,2.0,石油加工,928.1699829102,sh,index_cn
880313,880313,100.0,2.0,石油贸易,1114.9100341797,sh,index_cn
880318,880318,100.0,2.0,钢铁,631.4799804688,sh,index_cn
880319,880319,100.0,2.0,普钢,555.8599853516,sh,index_cn
880320,880320,100.0,2.0,特种钢,1098.0100097656,sh,index_cn
880321,880321,100.0,2.0,钢加工,731.1500244141,sh,index_cn
880324,880324,100.0,2.0,有色,472.950012207,sh,index_cn
880325,880325,100.0,2.0,铜,401.4700012207,sh,index_cn
880326,880326,100.0,2.0,铝,415.8500061035,sh,index_cn
880327,880327,100.0,2.0,铅锌,367.1600036621,sh,index_cn
880328,880328,100.0,2.0,黄金,686.7100219727,sh,index_cn
880329,880329,100.0,2.0,小金属,500.299987793,sh,index_cn
880330,880330,100.0,2.0,化纤,1483.5999755859,sh,index_cn
880335,880335,100.0,2.0,化工,995.2299804688,sh,index_cn
880336,880336,100.0,2.0,化工原料,1047.9300537109,sh,index_cn
880337,880337,100.0,2.0,农药化肥,755.8400268555,sh,index_cn
880338,880338,100.0,2.0,塑料,1071.9499511719,sh,index_cn
880339,880339,100.0,2.0,橡胶,753.2899780273,sh,index_cn
880340,880340,100.0,2.0,染料涂料,1951.6899414062,sh,index_cn
880344,880344,100.0,2.0,建材,1425.9799804688,sh,index_cn
880345,880345,100.0,2.0,陶瓷,2074.919921875,sh,index_cn
880346,880346,100.0,2.0,水泥,1538.1099853516,sh,index_cn
880347,880347,100.0,2.0,玻璃,982.799987793,sh,index_cn
880348,880348,100.0,2.0,其他建材,1794.8900146484,sh,index_cn
880350,880350,100.0,2.0,造纸,1056.2700195312,sh,index_cn
880351,880351,100.0,2.0,矿物制品,899.2399902344,sh,index_cn
880355,880355,100.0,2.0,日用化工,1326.7399902344,sh,index_cn
880360,880360,100.0,2.0,农林牧渔,1954.1099853516,sh,index_cn
880361,880361,100.0,2.0,种植业,1150.1700439453,sh,index_cn
880362,880362,100.0,2.0,渔业,392.3999938965,sh,index_cn
880363,880363,100.0,2.0,林业,787.8800048828,sh,index_cn
880364,880364,100.0,2.0,饲料,3501.2600097656,sh,index_cn
880366,880366,100.0,2.0,农业综合,1984.2199707031,sh,index_cn
880367,880367,100.0,2.0,纺织服饰,830.3800048828,sh,index_cn
880368,880368,100.0,2.0,纺织,806.8599853516,sh,index_cn
880369,880369,100.0,2.0,服饰,834.3499755859,sh,index_cn
880372,880372,100.0,2.0,食品饮料,2637.330078125,sh,index_cn
880373,880373,100.0,2.0,乳制品,3454.080078125,sh,index_cn
880374,880374,100.0,2.0,软饮料,868.3499755859,sh,index_cn
880375,880375,100.0,2.0,食品,2468.8200683594,sh,index_cn
880380,880380,100.0,2.0,酿酒,4510.6401367188,sh,index_cn
880381,880381,100.0,2.0,白酒,5843.1899414062,sh,index_cn
880382,880382,100.0,2.0,啤酒,927.1900024414,sh,index_cn
880383,880383,100.0,2.0,红黄酒,548.2100219727,sh,index_cn
880387,880387,100.0,2.0,家用电器,3113.580078125,sh,index_cn
880390,880390,100.0,2.0,汽车类,1193.1300048828,sh,index_cn
880391,880391,100.0,2.0,汽车整车,1225.9200439453,sh,index_cn
880392,880392,100.0,2.0,汽车配件,1275.6099853516,sh,index_cn
880393,880393,100.0,2.0,汽车服务,544.0700073242,sh,index_cn
880394,880394,100.0,2.0,摩托车,598.6300048828,sh,index_cn
880398,880398,100.0,2.0,医疗保健,3891.3500976562,sh,index_cn
880399,880399,100.0,2.0,家居用品,2104.4099121094,sh,index_cn
880400,880400,100.0,2.0,医药,2085.7199707031,sh,index_cn
880401,880401,100.0,2.0,化学制药,2222.1298828125,sh,index_cn
880402,880402,100.0,2.0,生物制药,3326.1101074219,sh,index_cn
880403,880403,100.0,2.0,中成药,1323.0500488281,sh,index_cn
880406,880406,100.0,2.0,商业连锁,894.9199829102,sh,index_cn
880407,880407,100.0,2.0,百货,708.0399780273,sh,index_cn
880408,880408,100.0,2.0,超市连锁,1306.9499511719,sh,index_cn
880409,880409,100.0,2.0,电器连锁,647.5100097656,sh,index_cn
880410,880410,100.0,2.0,医药商业,1648.1700439453,sh,index_cn
880411,880411,100.0,2.0,其他商业,536.1900024414,sh,index_cn
880412,880412,100.0,2.0,商品城,405.2399902344,sh,index_cn
880413,880413,100.0,2.0,批发业,775.3400268555,sh,index_cn
880414,880414,100.0,2.0,商贸代理,749.0800170898,sh,index_cn
880418,880418,100.0,2.0,传媒娱乐,926.4099731445,sh,index_cn
880419,880419,100.0,2.0,出版业,927.6400146484,sh,index_cn
880420,880420,100.0,2.0,影视音像,958.9099731445,sh,index_cn
880421,880421,100.0,2.0,广告包装,1213.4599609375,sh,index_cn
880422,880422,100.0,2.0,文教休闲,1899.9300537109,sh,index_cn
880423,880423,100.0,2.0,酒店餐饮,917.5100097656,sh,index_cn
880424,880424,100.0,2.0,旅游,2121.0900878906,sh,index_cn
880425,880425,100.0,2.0,旅游服务,3373.4499511719,sh,index_cn
880426,880426,100.0,2.0,旅游景点,1170.9599609375,sh,index_cn
880430,880430,100.0,2.0,航空,1215.9300537109,sh,index_cn
880431,880431,100.0,2.0,船舶,539.1400146484,sh,index_cn
880432,880432,100.0,2.0,运输设备,1202.5,sh,index_cn
880437,880437,100.0,2.0,通用机械,845.6099853516,sh,index_cn
880438,880438,100.0,2.0,机床制造,477.5199890137,sh,index_cn
880439,880439,100.0,2.0,机械基件,922.8800048828,sh,index_cn
880440,880440,100.0,2.0,工业机械,1219.3000488281,sh,index_cn
880441,880441,100.0,2.0,化工机械,813.4799804688,sh,index_cn
880442,880442,100.0,2.0,轻工机械,653.1799926758,sh,index_cn
880443,880443,100.0,2.0,纺织机械,588.0,sh,index_cn
880444,880444,100.0,2.0,农用机械,696.8099975586,sh,index_cn
880445,880445,100.0,2.0,专用机械,1737.6500244141,sh,index_cn
880446,880446,100.0,2.0,电气设备,926.0599975586,sh,index_cn
880447,880447,100.0,2.0,工程机械,838.3300170898,sh,index_cn
880448,880448,100.0,2.0,电器仪表,2650.7600097656,sh,index_cn
880452,880452,100.0,2.0,电信运营,1175.1500244141,sh,index_cn
880453,880453,100.0,2.0,公共交通,638.9600219727,sh,index_cn
880454,880454,100.0,2.0,水务,998.9899902344,sh,index_cn
880455,880455,100.0,2.0,供气供热,706.9099731445,sh,index_cn
880456,880456,100.0,2.0,环境保护,1101.9599609375,sh,index_cn
880459,880459,100.0,2.0,运输服务,746.0900268555,sh,index_cn
880460,880460,100.0,2.0,铁路,1143.6600341797,sh,index_cn
880461,880461,100.0,2.0,水运,589.3900146484,sh,index_cn
880462,880462,100.0,2.0,空运,643.5300292969,sh,index_cn
880463,880463,100.0,2.0,公路,750.6500244141,sh,index_cn
880464,880464,100.0,2.0,仓储物流,1688.5,sh,index_cn
880465,880465,100.0,2.0,交通设施,1379.4300537109,sh,index_cn
880466,880466,100.0,2.0,路桥,1338.2700195312,sh,index_cn
880467,880467,100.0,2.0,机场,3340.3701171875,sh,index_cn
880468,880468,100.0,2.0,港口,1111.0,sh,index_cn
880471,880471,100.0,2.0,银行,1806.9899902344,sh,index_cn
880472,880472,100.0,2.0,证券,1289.0200195312,sh,index_cn
880473,880473,100.0,2.0,保险,1937.5500488281,sh,index_cn
880474,880474,100.0,2.0,多元金融,1189.3000488281,sh,index_cn
880476,880476,100.0,2.0,建筑,1083.8199462891,sh,index_cn
880477,880477,100.0,2.0,建筑工程,1115.2600097656,sh,index_cn
880478,880478,100.0,2.0,装修装饰,927.6900024414,sh,index_cn
880482,880482,100.0,2.0,房地产,1419.3000488281,sh,index_cn
880483,880483,100.0,2.0,全国地产,1812.8199462891,sh,index_cn
880484,880484,100.0,2.0,区域地产,1075.0600585938,sh,index_cn
880485,880485,100.0,2.0,园区开发,1239.9300537109,sh,index_cn
880486,880486,100.0,2.0,房产服务,1296.5,sh,index_cn
880489,880489,100.0,2.0,IT设备,1490.7900390625,sh,index_cn
880490,880490,100.0,2.0,通信设备,1602.9100341797,sh,index_cn
880491,880491,100.0,2.0,半导体,1730.1500244141,sh,index_cn
880492,880492,100.0,2.0,元器件,1917.3299560547,sh,index_cn
880493,880493,100.0,2.0,软件服务,2567.919921875,sh,index_cn
880494,880494,100.0,2.0,互联网,2608.2700195312,sh,index_cn
880497,880497,100.0,2.0,综合类,611.0900268555,sh,index_cn
880501,880501,100.0,2.0,含H股,1249.5899658203,sh,index_cn
880502,880502,100.0,2.0,含B股,1033.4499511719,sh,index_cn
880503,880503,100.0,2.0,皖江区域,1092.7399902344,sh,index_cn
880504,880504,100.0,2.0,长株潭,977.9199829102,sh,index_cn
880505,880505,100.0,2.0,稀缺资源,339.5299987793,sh,index_cn
880506,880506,100.0,2.0,5G概念,1707.8499755859,sh,index_cn
880507,880507,100.0,2.0,国防军工,1125.9399414062,sh,index_cn
880511,880511,100.0,2.0,承诺注资,834.3499755859,sh,index_cn
880513,880513,100.0,2.0,海峡西岸,1155.8900146484,sh,index_cn
880515,880515,100.0,2.0,通达信88,1988.1500244141,sh,index_cn
880516,880516,100.0,2.0,ST板块,755.5200195312,sh,index_cn
880519,880519,100.0,2.0,低碳经济,785.700012207,sh,index_cn
880520,880520,100.0,2.0,智能电网,1203.8599853516,sh,index_cn
880521,880521,100.0,2.0,黄金概念,578.299987793,sh,index_cn
880522,880522,100.0,2.0,成渝特区,1400.9100341797,sh,index_cn
880523,880523,100.0,2.0,黄河三角,1128.3399658203,sh,index_cn
880524,880524,100.0,2.0,含可转债,1261.6500244141,sh,index_cn
880525,880525,100.0,2.0,铁路基建,1098.4300537109,sh,index_cn
880526,880526,100.0,2.0,长三角,1289.8599853516,sh,index_cn
880527,880527,100.0,2.0,泛珠三角,3027.1599121094,sh,index_cn
880528,880528,100.0,2.0,环渤海,1144.0200195312,sh,index_cn
880529,880529,100.0,2.0,次新股,2528.7900390625,sh,index_cn
880530,880530,100.0,2.0,三网融合,985.1900024414,sh,index_cn
880531,880531,100.0,2.0,武汉规划,1057.5,sh,index_cn
880532,880532,100.0,2.0,整体上市,1258.5600585938,sh,index_cn
880533,880533,100.0,2.0,物联网,1289.5300292969,sh,index_cn
880534,880534,100.0,2.0,锂电池,1121.0699462891,sh,index_cn
880535,880535,100.0,2.0,稀土永磁,429.5799865723,sh,index_cn
880536,880536,100.0,2.0,多晶硅,1031.6099853516,sh,index_cn
880537,880537,100.0,2.0,核电核能,655.1699829102,sh,index_cn
880538,880538,100.0,2.0,参股金融,1163.3699951172,sh,index_cn
880539,880539,100.0,2.0,股权激励,2032.5999755859,sh,index_cn
880540,880540,100.0,2.0,创投概念,1263.4200439453,sh,index_cn
880542,880542,100.0,2.0,水利建设,951.7800292969,sh,index_cn
880543,880543,100.0,2.0,外资背景,2020.4000244141,sh,index_cn
880544,880544,100.0,2.0,光伏概念,1515.2299804688,sh,index_cn
880545,880545,100.0,2.0,云计算,2462.669921875,sh,index_cn
880546,880546,100.0,2.0,卫星导航,1821.4699707031,sh,index_cn
880547,880547,100.0,2.0,电子支付,1917.0899658203,sh,index_cn
880549,880549,100.0,2.0,可燃冰,879.799987793,sh,index_cn
880550,880550,100.0,2.0,保障房,2321.2900390625,sh,index_cn
880551,880551,100.0,2.0,涉矿概念,1122.1300048828,sh,index_cn
880552,880552,100.0,2.0,金融改革,1328.5799560547,sh,index_cn
880553,880553,100.0,2.0,页岩气,968.6099853516,sh,index_cn
880554,880554,100.0,2.0,东亚自贸,1386.1800537109,sh,index_cn
880556,880556,100.0,2.0,IP变现,1123.9799804688,sh,index_cn
880557,880557,100.0,2.0,生物疫苗,3304.8200683594,sh,index_cn
880558,880558,100.0,2.0,节能,1421.6600341797,sh,index_cn
880559,880559,100.0,2.0,要约收购,1209.1400146484,sh,index_cn
880560,880560,100.0,2.0,高端装备,1120.6700439453,sh,index_cn
880562,880562,100.0,2.0,高校背景,1928.8299560547,sh,index_cn
880563,880563,100.0,2.0,食品安全,2335.6999511719,sh,index_cn
880564,880564,100.0,2.0,奢侈品,5533.7299804688,sh,index_cn
880565,880565,100.0,2.0,送转潜力,6128.7099609375,sh,index_cn
880567,880567,100.0,2.0,海南自贸,1634.3499755859,sh,index_cn
880568,880568,100.0,2.0,生物质能,1114.6099853516,sh,index_cn
880569,880569,100.0,2.0,3D打印,2010.4899902344,sh,index_cn
880570,880570,100.0,2.0,海水淡化,1210.6300048828,sh,index_cn
880571,880571,100.0,2.0,碳纤维,1258.3699951172,sh,index_cn
880572,880572,100.0,2.0,新零售,1114.2600097656,sh,index_cn
880573,880573,100.0,2.0,摘帽,1594.3299560547,sh,index_cn
880574,880574,100.0,2.0,苹果概念,2425.1499023438,sh,index_cn
880575,880575,100.0,2.0,地热能,1173.4100341797,sh,index_cn
880576,880576,100.0,2.0,重组股,2064.419921875,sh,index_cn
880577,880577,100.0,2.0,安防服务,3286.6799316406,sh,index_cn
880578,880578,100.0,2.0,建筑节能,2368.1298828125,sh,index_cn
880579,880579,100.0,2.0,生态农业,1615.5899658203,sh,index_cn
880580,880580,100.0,2.0,智能交通,2816.75,sh,index_cn
880581,880581,100.0,2.0,空气治理,1476.5400390625,sh,index_cn
880582,880582,100.0,2.0,风能,1059.7700195312,sh,index_cn
880583,880583,100.0,2.0,充电桩,1714.1800537109,sh,index_cn
880584,880584,100.0,2.0,石墨烯,1083.9300537109,sh,index_cn
880585,880585,100.0,2.0,风沙治理,687.6400146484,sh,index_cn
880586,880586,100.0,2.0,土地流转,1148.3299560547,sh,index_cn
880587,880587,100.0,2.0,聚氨酯,1939.7900390625,sh,index_cn
880588,880588,100.0,2.0,绿色照明,1406.75,sh,index_cn
880589,880589,100.0,2.0,智能穿戴,1444.4200439453,sh,index_cn
880590,880590,100.0,2.0,网络游戏,1162.5899658203,sh,index_cn
880591,880591,100.0,2.0,上海自贸,1569.1600341797,sh,index_cn
880592,880592,100.0,2.0,互联金融,1811.6400146484,sh,index_cn
880593,880593,100.0,2.0,婴童概念,1600.4300537109,sh,index_cn
880594,880594,100.0,2.0,一带一路,1454.8100585938,sh,index_cn
880595,880595,100.0,2.0,民营银行,1860.5400390625,sh,index_cn
880596,880596,100.0,2.0,体育概念,1051.7600097656,sh,index_cn
880597,880597,100.0,2.0,养老概念,1138.1700439453,sh,index_cn
880598,880598,100.0,2.0,博彩概念,1097.1099853516,sh,index_cn
880599,880599,100.0,2.0,民营医院,1494.1400146484,sh,index_cn
880600,880600,100.0,2.0,油气改革,719.5200195312,sh,index_cn
880601,880601,100.0,2.0,种植业,1153.0,sh,index_cn
880602,880602,100.0,2.0,渔业,392.3999938965,sh,index_cn
880603,880603,100.0,2.0,林业,875.7299804688,sh,index_cn
880604,880604,100.0,2.0,饲料,3501.2600097656,sh,index_cn
880605,880605,100.0,2.0,农产加工,549.7700195312,sh,index_cn
880606,880606,100.0,2.0,农业综合,1035.5400390625,sh,index_cn
880607,880607,100.0,2.0,畜禽养殖,4360.6899414062,sh,index_cn
880608,880608,100.0,2.0,动物保健,3384.7399902344,sh,index_cn
880609,880609,100.0,2.0,石油开采,385.6799926758,sh,index_cn
880610,880610,100.0,2.0,煤炭开采,469.5899963379,sh,index_cn
880612,880612,100.0,2.0,采掘服务,652.9899902344,sh,index_cn
880613,880613,100.0,2.0,石油化工,864.5300292969,sh,index_cn
880614,880614,100.0,2.0,化学原料,854.6099853516,sh,index_cn
880615,880615,100.0,2.0,化学制品,883.049987793,sh,index_cn
880616,880616,100.0,2.0,化学纤维,1432.5200195312,sh,index_cn
880617,880617,100.0,2.0,塑料,1067.9499511719,sh,index_cn
880618,880618,100.0,2.0,橡胶,767.0100097656,sh,index_cn
880619,880619,100.0,2.0,化工新材,2052.3500976562,sh,index_cn
880620,880620,100.0,2.0,钢铁,635.1699829102,sh,index_cn
880621,880621,100.0,2.0,有色金属,474.2099914551,sh,index_cn
880622,880622,100.0,2.0,金属新材,879.799987793,sh,index_cn
880623,880623,100.0,2.0,建筑材料,1433.9000244141,sh,index_cn
880624,880624,100.0,2.0,建筑装饰,1153.7900390625,sh,index_cn
880625,880625,100.0,2.0,通用机械,747.0999755859,sh,index_cn
880626,880626,100.0,2.0,专用设备,852.2600097656,sh,index_cn
880627,880627,100.0,2.0,仪器仪表,2365.9399414062,sh,index_cn
880628,880628,100.0,2.0,电气设备,952.4600219727,sh,index_cn
880629,880629,100.0,2.0,金属制品,832.1699829102,sh,index_cn
880630,880630,100.0,2.0,半导体,1923.3800048828,sh,index_cn
880631,880631,100.0,2.0,元件,2101.4899902344,sh,index_cn
880632,880632,100.0,2.0,光学光电,1156.1600341797,sh,index_cn
880633,880633,100.0,2.0,其他电子,4241.669921875,sh,index_cn
880634,880634,100.0,2.0,电子制造,1005.8400268555,sh,index_cn
880635,880635,100.0,2.0,汽车整车,1206.2399902344,sh,index_cn
880636,880636,100.0,2.0,汽车部件,1281.8299560547,sh,index_cn
880637,880637,100.0,2.0,其它交运,941.1799926758,sh,index_cn
880638,880638,100.0,2.0,交运服务,690.4600219727,sh,index_cn
880639,880639,100.0,2.0,通信设备,1498.9499511719,sh,index_cn
880640,880640,100.0,2.0,电脑设备,1686.0400390625,sh,index_cn
880641,880641,100.0,2.0,白色家电,4117.6098632812,sh,index_cn
880642,880642,100.0,2.0,视听器材,1368.9399414062,sh,index_cn
880643,880643,100.0,2.0,食品加工,3350.2199707031,sh,index_cn
880644,880644,100.0,2.0,饮料制造,3513.3100585938,sh,index_cn
880645,880645,100.0,2.0,纺织制造,867.2199707031,sh,index_cn
880646,880646,100.0,2.0,服装家纺,869.5200195312,sh,index_cn
880647,880647,100.0,2.0,造纸,1088.0999755859,sh,index_cn
880648,880648,100.0,2.0,包装印刷,1364.9599609375,sh,index_cn
880649,880649,100.0,2.0,家用轻工,1775.8699951172,sh,index_cn
880650,880650,100.0,2.0,其他轻工,1736.6899414062,sh,index_cn
880651,880651,100.0,2.0,化学制药,2267.0300292969,sh,index_cn
880652,880652,100.0,2.0,中药,1271.9899902344,sh,index_cn
880653,880653,100.0,2.0,生物制品,3519.4799804688,sh,index_cn
880654,880654,100.0,2.0,医药商业,1661.7099609375,sh,index_cn
880655,880655,100.0,2.0,医疗器械,3187.580078125,sh,index_cn
880656,880656,100.0,2.0,医疗服务,5855.4702148438,sh,index_cn
880657,880657,100.0,2.0,电力,1148.0400390625,sh,index_cn
880658,880658,100.0,2.0,水务,991.4600219727,sh,index_cn
880659,880659,100.0,2.0,燃气,586.7100219727,sh,index_cn
880660,880660,100.0,2.0,环保工程,1050.3299560547,sh,index_cn
880661,880661,100.0,2.0,港口,1070.2299804688,sh,index_cn
880662,880662,100.0,2.0,高速公路,1233.7900390625,sh,index_cn
880663,880663,100.0,2.0,公交,713.9099731445,sh,index_cn
880664,880664,100.0,2.0,航空运输,718.7299804688,sh,index_cn
880665,880665,100.0,2.0,机场,3372.169921875,sh,index_cn
880666,880666,100.0,2.0,航运,597.9799804688,sh,index_cn
880667,880667,100.0,2.0,铁路运输,1092.9100341797,sh,index_cn
880668,880668,100.0,2.0,物流,1851.6800537109,sh,index_cn
880669,880669,100.0,2.0,房产开发,1391.8100585938,sh,index_cn
880670,880670,100.0,2.0,园区开发,1183.4799804688,sh,index_cn
880671,880671,100.0,2.0,银行,1807.2099609375,sh,index_cn
880672,880672,100.0,2.0,多元金融,1008.3200073242,sh,index_cn
880673,880673,100.0,2.0,证券,1236.5,sh,index_cn
880674,880674,100.0,2.0,保险,1926.1099853516,sh,index_cn
880675,880675,100.0,2.0,零售,716.9000244141,sh,index_cn
880676,880676,100.0,2.0,贸易,678.4099731445,sh,index_cn
880677,880677,100.0,2.0,景点,1391.1700439453,sh,index_cn
880678,880678,100.0,2.0,酒店,981.1099853516,sh,index_cn
880679,880679,100.0,2.0,旅游综合,2554.4099121094,sh,index_cn
880680,880680,100.0,2.0,餐饮,747.6300048828,sh,index_cn
880681,880681,100.0,2.0,通信运营,1081.2399902344,sh,index_cn
880682,880682,100.0,2.0,网络服务,2261.080078125,sh,index_cn
880683,880683,100.0,2.0,电脑应用,2984.6298828125,sh,index_cn
880684,880684,100.0,2.0,传媒,1110.7199707031,sh,index_cn
880685,880685,100.0,2.0,综合,696.4400024414,sh,index_cn
880701,880701,100.0,2.0,国资驰援,996.8499755859,sh,index_cn
880702,880702,100.0,2.0,壳资源,1385.8599853516,sh,index_cn
880704,880704,100.0,2.0,工业大麻,690.2600097656,sh,index_cn
880705,880705,100.0,2.0,氢能源,623.1599731445,sh,index_cn
880706,880706,100.0,2.0,分散染料,551.3200073242,sh,index_cn
880707,880707,100.0,2.0,透明工厂,855.5100097656,sh,index_cn
880708,880708,100.0,2.0,台资背景,1027.1300048828,sh,index_cn
880709,880709,100.0,2.0,人造肉,1348.6700439453,sh,index_cn
880710,880710,100.0,2.0,种业,1380.1899414062,sh,index_cn
880711,880711,100.0,2.0,操作系统,1091.2299804688,sh,index_cn
880713,880713,100.0,2.0,ETC概念,1009.3099975586,sh,index_cn
880714,880714,100.0,2.0,氟概念,936.5700073242,sh,index_cn
880715,880715,100.0,2.0,磷概念,806.3400268555,sh,index_cn
880716,880716,100.0,2.0,光刻机,1376.5899658203,sh,index_cn
880717,880717,100.0,2.0,C2M概念,938.0300292969,sh,index_cn
880718,880718,100.0,2.0,RCS概念,1035.8800048828,sh,index_cn
880770,880770,100.0,2.0,昨日上榜,1023.4899902344,sh,index_cn
880771,880771,100.0,2.0,MSCI中盘,1160.4599609375,sh,index_cn
880772,880772,100.0,2.0,最近闪拉,397.200012207,sh,index_cn
880773,880773,100.0,2.0,最近闪跌,177.4299926758,sh,index_cn
880774,880774,100.0,2.0,昨日首板,20210.060546875,sh,index_cn
880775,880775,100.0,2.0,罗素大盘,1018.9899902344,sh,index_cn
880776,880776,100.0,2.0,罗素中盘,1039.9499511719,sh,index_cn
880777,880777,100.0,2.0,罗素小盘,1093.25,sh,index_cn
880778,880778,100.0,2.0,次新预增,1000.8699951172,sh,index_cn
880779,880779,100.0,2.0,高融资盘,1060.7199707031,sh,index_cn
880780,880780,100.0,2.0,融资增加,772.6900024414,sh,index_cn
880781,880781,100.0,2.0,QFII新进,1020.3400268555,sh,index_cn
880782,880782,100.0,2.0,保险新进,1012.3200073242,sh,index_cn
880783,880783,100.0,2.0,社保新进,1099.6800537109,sh,index_cn
880784,880784,100.0,2.0,昨日较弱,589.2700195312,sh,index_cn
880785,880785,100.0,2.0,最近多板,1461.6400146484,sh,index_cn
880786,880786,100.0,2.0,海外业务,1245.6400146484,sh,index_cn
880787,880787,100.0,2.0,高商誉,1034.7399902344,sh,index_cn
880790,880790,100.0,2.0,高负债率,979.6900024414,sh,index_cn
880791,880791,100.0,2.0,网红经济,990.5999755859,sh,index_cn
880792,880792,100.0,2.0,基金增仓,1050.8900146484,sh,index_cn
880793,880793,100.0,2.0,基金减仓,1132.9699707031,sh,index_cn
880794,880794,100.0,2.0,远程办公,975.6500244141,sh,index_cn
880795,880795,100.0,2.0,口罩防护,942.3099975586,sh,index_cn
880796,880796,100.0,2.0,医废处理,944.1400146484,sh,index_cn
880797,880797,100.0,2.0,虫害防治,907.3699951172,sh,index_cn
880798,880798,100.0,2.0,超级电容,856.3900146484,sh,index_cn
880799,880799,100.0,2.0,数据中心,901.9799804688,sh,index_cn
880800,880800,100.0,2.0,氮化镓,800.7899780273,sh,index_cn
880801,880801,100.0,2.0,基金重仓,1754.8900146484,sh,index_cn
880802,880802,100.0,2.0,QFII重仓,2271.2800292969,sh,index_cn
880803,880803,100.0,2.0,券商重仓,1241.4100341797,sh,index_cn
880804,880804,100.0,2.0,信托重仓,1086.4200439453,sh,index_cn
880805,880805,100.0,2.0,保险重仓,1575.4799804688,sh,index_cn
880806,880806,100.0,2.0,社保重仓,1869.5200195312,sh,index_cn
880807,880807,100.0,2.0,股东增持,1288.2399902344,sh,index_cn
880808,880808,100.0,2.0,股东减持,5745.830078125,sh,index_cn
880809,880809,100.0,2.0,基金独门,1552.0300292969,sh,index_cn
880810,880810,100.0,2.0,陆股通买,1144.0899658203,sh,index_cn
880811,880811,100.0,2.0,陆股通卖,985.4000244141,sh,index_cn
880812,880812,100.0,2.0,昨日连板,26250.9296875,sh,index_cn
880813,880813,100.0,2.0,重组预案,821.4600219727,sh,index_cn
880814,880814,100.0,2.0,拟增持,1166.8000488281,sh,index_cn
880815,880815,100.0,2.0,拟减持,1386.3800048828,sh,index_cn
880816,880816,100.0,2.0,密集调研,1398.3599853516,sh,index_cn
880817,880817,100.0,2.0,商誉减值,690.6699829102,sh,index_cn
880821,880821,100.0,2.0,大盘股,1371.8499755859,sh,index_cn
880823,880823,100.0,2.0,小盘股,1015.200012207,sh,index_cn
880824,880824,100.0,2.0,高市盈率,486.3900146484,sh,index_cn
880826,880826,100.0,2.0,低市盈率,1532.9799804688,sh,index_cn
880827,880827,100.0,2.0,高市净率,1323.0999755859,sh,index_cn
880829,880829,100.0,2.0,低市净率,1483.5799560547,sh,index_cn
880833,880833,100.0,2.0,亏损股,372.9100036621,sh,index_cn
880834,880834,100.0,2.0,微利股,879.9000244141,sh,index_cn
880835,880835,100.0,2.0,绩优股,1847.8100585938,sh,index_cn
880836,880836,100.0,2.0,配股股,1209.0799560547,sh,index_cn
880837,880837,100.0,2.0,活跃股,638.5900268555,sh,index_cn
880842,880842,100.0,2.0,业绩预升,3114.0300292969,sh,index_cn
880843,880843,100.0,2.0,业绩预降,748.3599853516,sh,index_cn
880844,880844,100.0,2.0,预计扭亏,3576.5200195312,sh,index_cn
880845,880845,100.0,2.0,高股息股,2431.9699707031,sh,index_cn
880846,880846,100.0,2.0,破净资产,4406.5400390625,sh,index_cn
880847,880847,100.0,2.0,行业龙头,1930.4699707031,sh,index_cn
880848,880848,100.0,2.0,被举牌,1762.7900390625,sh,index_cn
880849,880849,100.0,2.0,股份回购,1748.0100097656,sh,index_cn
880850,880850,100.0,2.0,定增预案,1263.2399902344,sh,index_cn
880851,880851,100.0,2.0,已高送转,688.5,sh,index_cn
880852,880852,100.0,2.0,参股新股,1870.1199951172,sh,index_cn
880853,880853,100.0,2.0,中字头,650.9699707031,sh,index_cn
880854,880854,100.0,2.0,预高送转,7077.7900390625,sh,index_cn
880856,880856,100.0,2.0,定增股,886.4199829102,sh,index_cn
880857,880857,100.0,2.0,证金持股,898.4600219727,sh,index_cn
880858,880858,100.0,2.0,国开持股,734.5599975586,sh,index_cn
880859,880859,100.0,2.0,员工持股,1206.1099853516,sh,index_cn
880860,880860,100.0,2.0,扣非亏损,615.6300048828,sh,index_cn
880861,880861,100.0,2.0,连续亏损,253.4100036621,sh,index_cn
880863,880863,100.0,2.0,昨日涨停,10367.3095703125,sh,index_cn
880864,880864,100.0,2.0,昨日振荡,675.9799804688,sh,index_cn
880865,880865,100.0,2.0,近期新高,956.0200195312,sh,index_cn
880866,880866,100.0,2.0,近期新低,789.6500244141,sh,index_cn
880867,880867,100.0,2.0,昨高换手,603.6099853516,sh,index_cn
880868,880868,100.0,2.0,高贝塔值,915.8800048828,sh,index_cn
880869,880869,100.0,2.0,股权转让,693.4400024414,sh,index_cn
880870,880870,100.0,2.0,两年新股,848.6799926758,sh,index_cn
880871,880871,100.0,2.0,股权分散,779.5300292969,sh,index_cn
880872,880872,100.0,2.0,最近复牌,963.8599853516,sh,index_cn
880873,880873,100.0,2.0,个人持股,509.6700134277,sh,index_cn
880874,880874,100.0,2.0,昨曾涨停,545.8300170898,sh,index_cn
880875,880875,100.0,2.0,中小银行,852.4099731445,sh,index_cn
880876,880876,100.0,2.0,户数增加,721.9000244141,sh,index_cn
880877,880877,100.0,2.0,户数减少,1293.0999755859,sh,index_cn
880878,880878,100.0,2.0,百元股,989.9799804688,sh,index_cn
880879,880879,100.0,2.0,低价股,715.8900146484,sh,index_cn
880880,880880,100.0,2.0,近期强势,507.5299987793,sh,index_cn
880881,880881,100.0,2.0,近期弱势,512.549987793,sh,index_cn
880882,880882,100.0,2.0,久不分红,546.3900146484,sh,index_cn
880883,880883,100.0,2.0,MSCI成份,1136.0,sh,index_cn
880884,880884,100.0,2.0,最近异动,796.5200195312,sh,index_cn
880885,880885,100.0,2.0,次新开板,679.3400268555,sh,index_cn
880886,880886,100.0,2.0,昨日较强,137.75,sh,index_cn
880887,880887,100.0,2.0,次新超跌,588.5800170898,sh,index_cn
880889,880889,100.0,2.0,不活跃股,1357.7399902344,sh,index_cn
880890,880890,100.0,2.0,配股预案,896.3300170898,sh,index_cn
880891,880891,100.0,2.0,破发行价,979.1400146484,sh,index_cn
880892,880892,100.0,2.0,高质押股,561.5399780273,sh,index_cn
880893,880893,100.0,2.0,送转超跌,831.2399902344,sh,index_cn
880894,880894,100.0,2.0,养老金,1170.0899658203,sh,index_cn
880895,880895,100.0,2.0,持续增长,1120.2700195312,sh,index_cn
880896,880896,100.0,2.0,风险提示,577.0300292969,sh,index_cn
880897,880897,100.0,2.0,近期解禁,871.3699951172,sh,index_cn
880901,880901,100.0,2.0,信息安全,2279.9099121094,sh,index_cn
880902,880902,100.0,2.0,特斯拉,1689.0200195312,sh,index_cn
880903,880903,100.0,2.0,水产品,639.299987793,sh,index_cn
880904,880904,100.0,2.0,智能机器,2027.9899902344,sh,index_cn
880905,880905,100.0,2.0,超导概念,1162.6400146484,sh,index_cn
880906,880906,100.0,2.0,智能家居,1709.75,sh,index_cn
880908,880908,100.0,2.0,在线教育,897.0399780273,sh,index_cn
880909,880909,100.0,2.0,燃料电池,1001.549987793,sh,index_cn
880910,880910,100.0,2.0,草甘膦,1175.5,sh,index_cn
880911,880911,100.0,2.0,雄安新区,1266.3399658203,sh,index_cn
880912,880912,100.0,2.0,电商概念,1450.7199707031,sh,index_cn
880913,880913,100.0,2.0,基因概念,2303.4099121094,sh,index_cn
880916,880916,100.0,2.0,国产软件,1899.5799560547,sh,index_cn
880917,880917,100.0,2.0,央企改革,1360.5699462891,sh,index_cn
880919,880919,100.0,2.0,粤港澳,1295.1500244141,sh,index_cn
880920,880920,100.0,2.0,免疫治疗,1212.9100341797,sh,index_cn
880921,880921,100.0,2.0,阿里概念,936.5,sh,index_cn
880922,880922,100.0,2.0,钛金属,820.8499755859,sh,index_cn
880923,880923,100.0,2.0,赛马概念,652.7199707031,sh,index_cn
880925,880925,100.0,2.0,特钢,955.3699951172,sh,index_cn
880926,880926,100.0,2.0,垃圾分类,821.3499755859,sh,index_cn
880927,880927,100.0,2.0,抗癌,1798.4300537109,sh,index_cn
880928,880928,100.0,2.0,抗流感,1559.1500244141,sh,index_cn
880929,880929,100.0,2.0,维生素,1446.6899414062,sh,index_cn
880930,880930,100.0,2.0,汽车电子,1338.8000488281,sh,index_cn
880931,880931,100.0,2.0,装饰园林,788.4099731445,sh,index_cn
880932,880932,100.0,2.0,农村金融,937.8499755859,sh,index_cn
880933,880933,100.0,2.0,智能医疗,1298.9599609375,sh,index_cn
880935,880935,100.0,2.0,智能电视,697.1599731445,sh,index_cn
880936,880936,100.0,2.0,猪肉,2580.6799316406,sh,index_cn
880937,880937,100.0,2.0,网贷概念,1135.7199707031,sh,index_cn
880938,880938,100.0,2.0,污水处理,758.7299804688,sh,index_cn
880939,880939,100.0,2.0,无人机,468.8800048828,sh,index_cn
880940,880940,100.0,2.0,PPP模式,424.1600036621,sh,index_cn
880941,880941,100.0,2.0,跨境电商,605.450012207,sh,index_cn
880942,880942,100.0,2.0,虚拟现实,686.6699829102,sh,index_cn
880943,880943,100.0,2.0,量子通信,883.0399780273,sh,index_cn
880944,880944,100.0,2.0,无人驾驶,903.6599731445,sh,index_cn
880945,880945,100.0,2.0,OLED概念,1029.8000488281,sh,index_cn
880946,880946,100.0,2.0,区块链,778.3499755859,sh,index_cn
880947,880947,100.0,2.0,债转股,572.7600097656,sh,index_cn
880948,880948,100.0,2.0,人工智能,1097.9100341797,sh,index_cn
880949,880949,100.0,2.0,智慧城市,748.3699951172,sh,index_cn
880950,880950,100.0,2.0,军民融合,811.0700073242,sh,index_cn
880951,880951,100.0,2.0,新能源车,734.0700073242,sh,index_cn
880952,880952,100.0,2.0,芯片,1180.6400146484,sh,index_cn
880953,880953,100.0,2.0,租购同权,560.6099853516,sh,index_cn
880954,880954,100.0,2.0,大数据,1087.4399414062,sh,index_cn
880955,880955,100.0,2.0,乡村振兴,925.0200195312,sh,index_cn
880956,880956,100.0,2.0,腾讯概念,894.6900024414,sh,index_cn
880957,880957,100.0,2.0,工业互联,1226.9000244141,sh,index_cn
880959,880959,100.0,2.0,知识产权,752.4799804688,sh,index_cn
880960,880960,100.0,2.0,仿制药,1098.3699951172,sh,index_cn
880961,880961,100.0,2.0,小米概念,1099.6300048828,sh,index_cn
880962,880962,100.0,2.0,百度概念,848.8900146484,sh,index_cn
880963,880963,100.0,2.0,华为概念,1761.2900390625,sh,index_cn
880964,880964,100.0,2.0,特高压,1161.1199951172,sh,index_cn
880965,880965,100.0,2.0,超清视频,1192.0500488281,sh,index_cn
880966,880966,100.0,2.0,消费电子,1167.3900146484,sh,index_cn
880967,880967,100.0,2.0,数字货币,1011.7199707031,sh,index_cn
880968,880968,100.0,2.0,胎压监测,929.1699829102,sh,index_cn
880969,880969,100.0,2.0,无线耳机,1126.3800048828,sh,index_cn
880970,880970,100.0,2.0,分拆预期,1054.6800537109,sh,index_cn
880981,880981,100.0,2.0,TDX 能源,848.9400024414,sh,index_cn
880982,880982,100.0,2.0,TDX 材料,1341.5100097656,sh,index_cn
880983,880983,100.0,2.0,TDX 消费,3256.3000488281,sh,index_cn
880984,880984,100.0,2.0,TDX 可选,2309.0500488281,sh,index_cn
880985,880985,100.0,2.0,TDX 商贸,1393.0500488281,sh,index_cn
880986,880986,100.0,2.0,TDX 服务,1487.0200195312,sh,index_cn
880987,880987,100.0,2.0,TDX 制造,1610.0699462891,sh,index_cn
880988,880988,100.0,2.0,TDX 公用,1126.6700439453,sh,index_cn
880989,880989,100.0,2.0,TDX 交运,1551.8900146484,sh,index_cn
880990,880990,100.0,2.0,TDX 金融,1811.1099853516,sh,index_cn
880991,880991,100.0,2.0,TDX 建设,1584.3399658203,sh,index_cn
880992,880992,100.0,2.0,TDX 信息,2878.919921875,sh,index_cn
880993,880993,100.0,2.0,TDX 综企,877.7199707031,sh,index_cn
399277,399277,100.0,2.0,公共健康,3153.1003417969,sz,index_cn
399278,399278,100.0,2.0,长江100,1730.4765625,sz,index_cn
399279,399279,100.0,2.0,云科技50,3338.7338867188,sz,index_cn
399280,399280,100.0,2.0,生物50,3719.75390625,sz,index_cn
399281,399281,100.0,2.0,电子50,3089.2626953125,sz,index_cn
880098,880098,100.0,2.0,可转债,127.0800018311,sh,index_cn
880099,880099,100.0,2.0,逆回购,132.8600006104,sh,index_cn
880719,880719,100.0,2.0,地摊经济,1000.0,sh,index_cn
880720,880720,100.0,2.0,字节跳动,991.3800048828,sh,index_cn
000688,000688,100.0,2.0,科创50,5.877471754e-39,sh,index_cn
880041,880041,100.0,2.0,科创总值,278.9100036621,sh,index_cn
880042,880042,100.0,2.0,科创流通,65.9400024414,sh,index_cn
880043,880043,100.0,2.0,科创平均,88.5699996948,sh,index_cn
880044,880044,100.0,2.0,科创均价,544.4800033569,sh,index_cn
880045,880045,100.0,2.0,科创涨跌,70.0,sh,index_cn
880046,880046,100.0,2.0,科创停板,573440.0078637693,sh,index_cn
880047,880047,100.0,2.0,科创活筹,516.0499992371,sh,index_cn
395006,395006,100.0,2.0,创业板DR,5.877471754e-39,sz,index_cn
880769,880769,100.0,2.0,股权集中,1000.0,sh,index_cn
880788,880788,100.0,2.0,深注册制,1000.0,sh,index_cn
399275,399275,100.0,2.0,创医药,6329.6811523438,sz,index_cn
399276,399276,100.0,2.0,创科技,5799.9560546875,sz,index_cn
880971,880971,100.0,2.0,降解塑料,1000.0,sh,index_cn
880789,880789,100.0,2.0,昨成交20,1001.200012207,sh,index_cn
880973,880973,100.0,2.0,医美概念,978.6900024414,sh,index_cn
880822,880822,100.0,2.0,昨收活跃,1000.0,sh,index_cn
395015,395015,100.0,2.0,REITS,5.877471754e-39,sz,index_cn
399269,399269,100.0,2.0,创质量,6388.8774414062,sz,index_cn
880974,880974,100.0,2.0,烟草概念,1026.0699462891,sh,index_cn
880975,880975,100.0,2.0,有机硅,1021.3699951172,sh,index_cn
880976,880976,100.0,2.0,新冠检测,945.4000244141,sh,index_cn
880825,880825,100.0,2.0,预计转亏,998.9000244141,sh,index_cn
880977,880977,100.0,2.0,BIPV概念,978.8900146484,sh,index_cn
000682,000682,100.0,2.0,科创信息,1527.4392089844,sh,index_cn
399030,399030,100.0,2.0,碳科技30,5870.1484375,sz,index_cn
399060,399060,100.0,2.0,碳科技60,4120.2778320312,sz,index_cn
880721,880721,100.0,2.0,北上重仓,916.3400268555,sh,index_cn
880722,880722,100.0,2.0,鸿蒙概念,1012.3200073242,sh,index_cn
880723,880723,100.0,2.0,发可转债,990.5399780273,sh,index_cn
880724,880724,100.0,2.0,地下管网,938.7199707031,sh,index_cn
880725,880725,100.0,2.0,MiniLE,888.3200073242,sh,index_cn
880726,880726,100.0,2.0,MCU芯片,1003.5599975586,sh,index_cn
880727,880727,100.0,2.0,盐湖提锂,1319.2900390625,sh,index_cn
880728,880728,100.0,2.0,航运概念,996.9899902344,sh,index_cn
880729,880729,100.0,2.0,CXO概念,1151.5500488281,sh,index_cn
880730,880730,100.0,2.0,储能,1357.9699707031,sh,index_cn
880731,880731,100.0,2.0,新材料,1209.5600585938,sh,index_cn
880732,880732,100.0,2.0,三板精选,1325.4399414062,sh,index_cn
880733,880733,100.0,2.0,人脑工程,987.3699951172,sh,index_cn
880734,880734,100.0,2.0,工业气体,966.5100097656,sh,index_cn
880735,880735,100.0,2.0,专精特新,1026.2399902344,sh,index_cn
880736,880736,100.0,2.0,工业母机,1024.8000488281,sh,index_cn
880737,880737,100.0,2.0,HJT电池,1129.9300537109,sh,index_cn
880738,880738,100.0,2.0,数字孪生,1007.0700073242,sh,index_cn
880739,880739,100.0,2.0,边缘计算,1061.6800537109,sh,index_cn
880740,880740,100.0,2.0,新型烟草,1185.4899902344,sh,index_cn
880741,880741,100.0,2.0,代糖概念,1052.6700439453,sh,index_cn
880742,880742,100.0,2.0,固态电池,1106.3599853516,sh,index_cn
880743,880743,100.0,2.0,物业管理,968.3499755859,sh,index_cn
880744,880744,100.0,2.0,汽车拆解,1010.8300170898,sh,index_cn
880745,880745,100.0,2.0,NMN概念,1135.5200195312,sh,index_cn
880746,880746,100.0,2.0,国资云,1050.0,sh,index_cn
880747,880747,100.0,2.0,北交所概,917.2600097656,sh,index_cn
880748,880748,100.0,2.0,元宇宙概,1266.9399414062,sh,index_cn
880749,880749,100.0,2.0,云游戏,1084.1300048828,sh,index_cn
880750,880750,100.0,2.0,天然气,940.7199707031,sh,index_cn
880751,880751,100.0,2.0,昨日跌停,370.75,sh,index_cn
880752,880752,100.0,2.0,昨曾跌停,728.3400268555,sh,index_cn
880753,880753,100.0,2.0,绿色电力,928.3499755859,sh,index_cn
880754,880754,100.0,2.0,培育钻石,1070.6899414062,sh,index_cn
880755,880755,100.0,2.0,钠电池,1143.8399658203,sh,index_cn
880756,880756,100.0,2.0,机构吸筹,1053.1700439453,sh,index_cn
880898,880898,100.0,2.0,近已解禁,1178.3000488281,sh,index_cn
880899,880899,100.0,2.0,钴金属,1196.8000488281,sh,index_cn
880995,880995,100.0,2.0,辅助代码,1000.0,sh,index_cn
000683,000683,100.0,2.0,科创生物,1287.8881835938,sh,index_cn
000685,000685,100.0,2.0,科创芯片,1170.0198974609,sh,index_cn
395000,395000,100.0,2.0,辅助代码,5.877471754e-39,sz,index_cn
395033,395033,100.0,2.0,债券现货,10637.0,sz,index_cn
395034,395034,100.0,2.0,ABS,1248.0,sz,index_cn
399274,399274,100.0,2.0,深新基建,3305.4619140625,sz,index_cn
399289,399289,100.0,2.0,碳中和债,105.8787994385,sz,index_cn
880008,880008,100.0,2.0,全Ａ等权,912.950012207,sh,index_cn
880018,880018,100.0,2.0,主板等权,944.299987793,sh,index_cn
880038,880038,100.0,2.0,创业等权,847.4600219727,sh,index_cn
880048,880048,100.0,2.0,科创等权,792.8900146484,sh,index_cn
880081,880081,100.0,2.0,轮动趋势,1106.1800537109,sh,index_cn
880082,880082,100.0,2.0,板块趋势,852.5100097656,sh,index_cn
880611,880611,100.0,2.0,核污染防,897.2100219727,sh,index_cn
880757,880757,100.0,2.0,冷链物流,942.3599853516,sh,index_cn
880758,880758,100.0,2.0,汽车芯片,734.3800048828,sh,index_cn
880759,880759,100.0,2.0,换电概念,814.5200195312,sh,index_cn
880760,880760,100.0,2.0,预制菜,1018.4899902344,sh,index_cn
880761,880761,100.0,2.0,锂矿,1151.0600585938,sh,index_cn
880762,880762,100.0,2.0,信创,771.2299804688,sh,index_cn
880763,880763,100.0,2.0,电解液,1017.25,sh,index_cn
880764,880764,100.0,2.0,鸡肉,1031.3499755859,sh,index_cn
880766,880766,100.0,2.0,幽门螺杆,885.3499755859,sh,index_cn
880767,880767,100.0,2.0,电子纸,778.6099853516,sh,index_cn
880768,880768,100.0,2.0,新冠药概,980.7899780273,sh,index_cn
880818,880818,100.0,2.0,通达信热,981.8499755859,sh,index_cn
000687,000687,100.0,2.0,科创高装,1440.4094238281,sh,index_cn
000689,000689,100.0,2.0,科创材料,1695.8332519531,sh,index_cn
